Session,Event-ID-VP1,Event-ID-VP2,Bedingung,Block,Runde im Block,Spieler 1,VP,Karte1 VP1,Karte2 VP1,Karte1 VP2,Karte2 VP2,Aktion,Zeit,time_utc_ns,event_timestamp_unix_ns,Gewinner,Punktestand VP1,Punktestand VP2
14,,,no_pay,0,1,VP1,,11,8,8,9,Session,13:16:36.861,1765977396861490500,1765977396861490500,,,
14,,cd2c1e76-d152-43cf-8741-41473a8aedd1,no_pay,0,1,VP1,VP2,11,8,8,9,Start,13:17:22.314,1765977442314249800,1765977442314249800,,,
14,fadb557d-32c7-4046-80b0-29ddaa47d521,,no_pay,0,1,VP1,VP1,11,8,8,9,Start,13:17:23.097,1765977443097368800,1765977443097368800,,,
14,,,no_pay,0,1,VP1,,11,8,8,9,Fixation Flash,13:17:28.159,1765977448159751400,1765977448159751400,,,
14,,,no_pay,0,1,VP1,,11,8,8,9,Fixation Ton,13:17:28.474,1765977448474436600,1765977448474436600,,,
14,3144bc40-19f5-42ca-8e8b-2b694e4d6ec6,,no_pay,0,1,VP1,VP1,11,8,8,9,Start,13:17:41.538,1765977461538691700,1765977461538691700,,,
14,,238d3f9b-24e3-4856-9328-a60200a5a854,no_pay,0,1,VP1,VP2,11,8,8,9,Start,13:17:43.763,1765977463763116400,1765977463763116400,,,
14,645a4aba-0f1d-4b5d-9138-9bde518286c5,,no_pay,0,1,VP1,VP1,11,8,8,9,Karte 1,13:17:45.065,1765977465065413500,1765977465065413500,,,
14,,8af46224-22c3-47d3-8ee7-d07ade1aef7a,no_pay,0,1,VP1,VP2,11,8,8,9,Karte 1,13:17:47.282,1765977467282302800,1765977467282302800,,,
14,01acb9c9-6eda-4878-b485-69f14b066ad9,,no_pay,0,1,VP1,VP1,11,8,8,9,Karte 2,13:17:49.784,1765977469784679600,1765977469784679600,,,
14,,145d3730-6bb3-47ba-b720-ced2b3a6d7be,no_pay,0,1,VP1,VP2,11,8,8,9,Karte 2,13:17:51.545,1765977471545133100,1765977471545133100,,,
14,1dce3c82-844d-467f-99d0-560f8afc634e,,no_pay,0,1,VP1,VP1,11,8,8,9,Tief,13:17:58.670,1765977478670374700,1765977478670374700,,,
14,,a5629c50-9a64-4cfd-96f5-7f0b57f1b262,no_pay,0,1,VP1,VP2,11,8,8,9,Bluff,13:18:08.371,1765977488371510600,1765977488371510600,,,
14,,,no_pay,0,1,VP1,,11,8,8,9,Showdown,13:18:08.568,1765977488568537200,1765977488568537200,VP2,,
14,e77f1a05-f78c-425e-b1a5-5a8c080ca60c,,no_pay,0,1,VP1,VP1,11,8,8,9,Nächste Runde,13:18:15.714,1765977495714480100,1765977495714480100,,,
14,,89541024-b71d-4200-9592-6b62245a2157,no_pay,0,1,VP1,VP2,11,8,8,9,Nächste Runde,13:18:17.658,1765977497658728200,1765977497658728200,,,
14,,69c5863a-8f76-4d3e-9209-4f530e24c8fe,no_pay,0,2,VP2,VP2,9,7,11,10,Karte 1,13:18:22.791,1765977502791326400,1765977502791326400,,,
14,b2169ad6-26f5-4b58-a281-baae0ccf87d0,,no_pay,0,2,VP2,VP1,9,7,11,10,Karte 1,13:18:34.366,1765977514366980000,1765977514366980000,,,
14,,17729107-842b-4d89-9c45-f3699ebfa9ae,no_pay,0,2,VP2,VP2,9,7,11,10,Karte 2,13:18:35.996,1765977515996471500,1765977515996471500,,,
14,3db70c73-78c5-4a7a-acf0-1e1805724ec4,,no_pay,0,2,VP2,VP1,9,7,11,10,Karte 2,13:18:36.777,1765977516777634100,1765977516777634100,,,
14,,a4815d34-6fda-4606-9d48-c6a69b127d71,no_pay,0,2,VP2,VP2,9,7,11,10,Mittel,13:18:39.425,1765977519425294600,1765977519425294600,,,
14,1ceacfe5-3b24-4e01-be3c-98aab6894f40,,no_pay,0,2,VP2,VP1,9,7,11,10,Bluff,13:18:43.993,1765977523993010100,1765977523993010100,,,
14,,,no_pay,0,2,VP2,,9,7,11,10,Showdown,13:18:44.193,1765977524193632600,1765977524193632600,VP1,,
14,,2e7447b8-02b1-47b0-bebe-0d7b9d834afa,no_pay,0,2,VP2,VP2,9,7,11,10,Nächste Runde,13:18:49.956,1765977529956530600,1765977529956530600,,,
14,abf322a3-0b40-4995-a86f-6cf6e3f594b7,,no_pay,0,2,VP2,VP1,9,7,11,10,Nächste Runde,13:18:50.814,1765977530814180200,1765977530814180200,,,
14,5fc88968-1a7d-4e8a-aded-543c9c3b6686,,no_pay,0,3,VP1,VP1,10,11,8,7,Karte 1,13:18:52.430,1765977532430040300,1765977532430040300,,,
14,,5b760b52-f330-43bc-a798-1c0e70e040e8,no_pay,0,3,VP1,VP2,10,11,8,7,Karte 1,13:18:53.169,1765977533169067600,1765977533169067600,,,
14,20e1d08b-0d77-44b5-9494-5357a0427203,,no_pay,0,3,VP1,VP1,10,11,8,7,Karte 2,13:18:57.263,1765977537263474700,1765977537263474700,,,
14,,7913c91a-1693-49b3-a814-fbbf9efdeae0,no_pay,0,3,VP1,VP2,10,11,8,7,Karte 2,13:18:58.392,1765977538392578300,1765977538392578300,,,
14,2b87d6c2-1271-4007-a98b-7139f0052d4f,,no_pay,0,3,VP1,VP1,10,11,8,7,Hoch,13:19:05.807,1765977545807507800,1765977545807507800,,,
14,,65d24198-d277-418e-bf34-502cbd1bab44,no_pay,0,3,VP1,VP2,10,11,8,7,Wahrheit,13:19:08.189,1765977548189989600,1765977548189989600,,,
14,,,no_pay,0,3,VP1,,10,11,8,7,Showdown,13:19:08.391,1765977548391320800,1765977548391320800,VP1,,
14,1c3d1b82-7880-4042-8041-279b8cdde519,,no_pay,0,3,VP1,VP1,10,11,8,7,Nächste Runde,13:19:11.807,1765977551807242300,1765977551807242300,,,
14,,ea28f220-11f2-4784-973e-02d1384113d1,no_pay,0,3,VP1,VP2,10,11,8,7,Nächste Runde,13:19:12.976,1765977552976208800,1765977552976208800,,,
14,,748b2aee-e108-497c-b70e-8176fd326eb2,no_pay,0,4,VP2,VP2,7,7,8,10,Karte 1,13:19:14.731,1765977554731406700,1765977554731406700,,,
14,cd3b5aa8-759c-4697-b853-8651634d8f8f,,no_pay,0,4,VP2,VP1,7,7,8,10,Karte 1,13:19:16.854,1765977556854782800,1765977556854782800,,,
14,,9cdd8078-81d4-4b1b-9cbc-18f942471839,no_pay,0,4,VP2,VP2,7,7,8,10,Karte 2,13:19:17.353,1765977557353694700,1765977557353694700,,,
14,f7ac55af-ae6f-4440-aeaa-1825f86ef7fe,,no_pay,0,4,VP2,VP1,7,7,8,10,Karte 2,13:19:19.838,1765977559838405600,1765977559838405600,,,
14,,2d9a9ad0-8a2c-400a-8f04-59a6cd336c14,no_pay,0,4,VP2,VP2,7,7,8,10,Mittel,13:19:20.831,1765977560831605600,1765977560831605600,,,
14,47937877-89b5-4239-a33b-9c8c9066a0a0,,no_pay,0,4,VP2,VP1,7,7,8,10,Wahrheit,13:19:25.418,1765977565418342100,1765977565418342100,,,
14,,,no_pay,0,4,VP2,,7,7,8,10,Showdown,13:19:25.619,1765977565619651700,1765977565619651700,VP2,,
14,,c9333e9b-7603-4399-b059-ec483dd2d671,no_pay,0,4,VP2,VP2,7,7,8,10,Nächste Runde,13:19:29.575,1765977569575689500,1765977569575689500,,,
14,6127137d-7220-4a41-a999-7e0cc93ee592,,no_pay,0,4,VP2,VP1,7,7,8,10,Nächste Runde,13:19:30.312,1765977570312379300,1765977570312379300,,,
14,2b4241b5-4907-4b4a-99d1-0b86338c4cbc,,no_pay,0,5,VP1,VP1,10,8,9,7,Karte 1,13:19:32.499,1765977572499124200,1765977572499124200,,,
14,,a0f9bedc-15e3-41a6-bb46-234a6d11ea54,no_pay,0,5,VP1,VP2,10,8,9,7,Karte 1,13:19:33.328,1765977573328769700,1765977573328769700,,,
14,498f7b19-b900-44c2-b05d-130480f63c2b,,no_pay,0,5,VP1,VP1,10,8,9,7,Karte 2,13:19:34.673,1765977574673386400,1765977574673386400,,,
14,,37cd8794-0c87-4082-8983-bbdff127ac40,no_pay,0,5,VP1,VP2,10,8,9,7,Karte 2,13:19:35.758,1765977575758424500,1765977575758424500,,,
14,9c2dbc35-1593-45d4-ab17-18f51902e732,,no_pay,0,5,VP1,VP1,10,8,9,7,Mittel,13:19:40.873,1765977580873813300,1765977580873813300,,,
14,,cde5c110-2eb0-4829-8f32-683e97bb9a10,no_pay,0,5,VP1,VP2,10,8,9,7,Wahrheit,13:19:42.833,1765977582833226500,1765977582833226500,,,
14,,,no_pay,0,5,VP1,,10,8,9,7,Showdown,13:19:43.033,1765977583033746600,1765977583033746600,VP1,,
14,,ae5e6039-0a81-454d-9f2d-a3dfa1af6e4b,no_pay,0,5,VP1,VP2,10,8,9,7,Nächste Runde,13:20:14.788,1765977614788211800,1765977614788211800,,,
14,bdc01112-e878-494d-8490-59087d917b19,,no_pay,0,5,VP1,VP1,10,8,9,7,Nächste Runde,13:20:15.074,1765977615074368200,1765977615074368200,,,
14,,24f0ee31-27ef-44e6-857e-50fad340b136,no_pay,0,6,VP2,VP2,7,10,9,10,Karte 1,13:20:20.160,1765977620160620700,1765977620160620700,,,
14,368fef86-10cc-4e56-85ee-6e08ae61dc51,,no_pay,0,6,VP2,VP1,7,10,9,10,Karte 1,13:20:21.283,1765977621283422100,1765977621283422100,,,
14,,575d8b25-c84d-42cc-9366-a8caa02376cf,no_pay,0,6,VP2,VP2,7,10,9,10,Karte 2,13:20:22.563,1765977622563302000,1765977622563302000,,,
14,abc8e935-2c57-4e69-84f3-198932220788,,no_pay,0,6,VP2,VP1,7,10,9,10,Karte 2,13:20:23.136,1765977623136341600,1765977623136341600,,,
14,,e43c2ad9-08b1-46b8-823d-951952d4dd42,no_pay,0,6,VP2,VP2,7,10,9,10,Hoch,13:20:26.147,1765977626147918800,1765977626147918800,,,
14,c72f5426-bffd-4adc-a521-84c86f7b2b81,,no_pay,0,6,VP2,VP1,7,10,9,10,Wahrheit,13:20:35.936,1765977635936816200,1765977635936816200,,,
14,,,no_pay,0,6,VP2,,7,10,9,10,Showdown,13:20:36.134,1765977636134184700,1765977636134184700,VP2,,
14,08cf9161-7ee6-4a8c-9509-d771bb6a7eb5,,no_pay,0,6,VP2,VP1,7,10,9,10,Nächste Runde,13:20:44.789,1765977644789312300,1765977644789312300,,,
14,,2148727c-db73-47ef-b73a-5c271ff07f15,no_pay,0,6,VP2,VP2,7,10,9,10,Nächste Runde,13:20:45.776,1765977645776584400,1765977645776584400,,,
14,,61390179-0ddd-47d0-8de9-3d6faf32934a,no_pay,1,1,VP1,VP2,,,,,Start,13:21:27.562,1765977687562681200,1765977687562681200,,,
14,,64781110-dce6-4a08-99ad-4b5d06967d53,no_pay,1,1,VP1,VP2,,,,,Start,13:23:06.882,1765977786882593600,1765977786882593600,,,
14,,7617a9d9-4a3e-4665-944b-7247b04c66fb,no_pay,1,1,VP1,VP2,,,,,Start,13:24:43.652,1765977883652582600,1765977883652582600,,,
14,26135e4d-0ff7-4424-a70c-f9bd69ce1be9,,no_pay,1,1,VP1,VP1,,,,,Start,13:24:44.724,1765977884724903800,1765977884724903800,,,
14,,,no_pay,1,1,VP1,,8,8,7,11,Fixation Flash,13:24:49.782,1765977889782285800,1765977889782285800,,,
14,,,no_pay,1,1,VP1,,8,8,7,11,Fixation Ton,13:24:50.124,1765977890124299400,1765977890124299400,,,
14,b6437b8e-662f-478b-bc60-23f078cbb2d3,,no_pay,1,1,VP1,VP1,8,8,7,11,Start,13:25:11.262,1765977911262662700,1765977911262662700,,,
14,,2cecbbaf-4465-4fe8-8186-c97963681722,no_pay,1,1,VP1,VP2,8,8,7,11,Start,13:25:11.606,1765977911606626200,1765977911606626200,,,
14,24e2f31a-b803-418b-b587-0b29d4766550,,no_pay,1,1,VP1,VP1,8,8,7,11,Karte 1,13:25:13.318,1765977913318345300,1765977913318345300,,,
14,,a0472273-dcc8-4e3a-b8d4-a91e89a1a087,no_pay,1,1,VP1,VP2,8,8,7,11,Karte 1,13:25:16.117,1765977916117166200,1765977916117166200,,,
14,02323f6c-3eaf-4154-b2fa-f7ae6f545b3d,,no_pay,1,1,VP1,VP1,8,8,7,11,Karte 2,13:25:18.735,1765977918735019700,1765977918735019700,,,
14,,c1ee2bf5-9d1f-4fc7-bb20-3c2b5295712c,no_pay,1,1,VP1,VP2,8,8,7,11,Karte 2,13:25:23.670,1765977923670362500,1765977923670362500,,,
14,c45d4b5c-1043-4f3a-b9c3-7303c6698083,,no_pay,1,1,VP1,VP1,8,8,7,11,Mittel,13:25:32.876,1765977932876855800,1765977932876855800,,,
14,,bea8949f-f3ae-4e43-841f-32284c2c1399,no_pay,1,1,VP1,VP2,8,8,7,11,Wahrheit,13:25:35.980,1765977935980181500,1765977935980181500,,,
14,,,no_pay,1,1,VP1,,8,8,7,11,Showdown,13:25:36.180,1765977936180525800,1765977936180525800,VP1,,
14,b35e962b-f6f9-42eb-9483-267c04083e17,,no_pay,1,1,VP1,VP1,8,8,7,11,Nächste Runde,13:25:38.885,1765977938885563700,1765977938885563700,,,
14,,8648aa06-55a4-4829-bd21-27fad248dcc1,no_pay,1,1,VP1,VP2,8,8,7,11,Nächste Runde,13:25:55.574,1765977955574948600,1765977955574948600,,,
14,,9baba2e2-e32e-48e5-b2d3-61894ae22ef5,no_pay,1,2,VP2,VP2,8,7,8,8,Karte 1,13:25:58.665,1765977958665875100,1765977958665875100,,,
14,e9169704-44df-499a-8c46-8d8b0fadf3d2,,no_pay,1,2,VP2,VP1,8,7,8,8,Karte 1,13:26:00.703,1765977960703844000,1765977960703844000,,,
14,,11fe9ec4-f11b-41f4-83e5-be2545f257f8,no_pay,1,2,VP2,VP2,8,7,8,8,Karte 2,13:26:02.997,1765977962997811300,1765977962997811300,,,
14,a221ba34-809b-413e-b587-c01be2b6bc47,,no_pay,1,2,VP2,VP1,8,7,8,8,Karte 2,13:26:04.449,1765977964449514400,1765977964449514400,,,
14,,490f9d6a-d193-41a0-959c-5b3129b09ef5,no_pay,1,2,VP2,VP2,8,7,8,8,Mittel,13:26:06.004,1765977966004369100,1765977966004369100,,,
14,58f36970-92c9-476a-b6d2-6270062e0672,,no_pay,1,2,VP2,VP1,8,7,8,8,Bluff,13:26:17.119,1765977977119268000,1765977977119268000,,,
14,,,no_pay,1,2,VP2,,8,7,8,8,Showdown,13:26:17.320,1765977977320720200,1765977977320720200,VP1,,
14,777d9acb-fad1-4fc2-8d59-85bf489c8f64,,no_pay,1,2,VP2,VP1,8,7,8,8,Nächste Runde,13:26:20.475,1765977980475963800,1765977980475963800,,,
14,,6e6ab991-07b0-4812-8fb6-033adca751ba,no_pay,1,2,VP2,VP2,8,7,8,8,Nächste Runde,13:26:22.672,1765977982672168600,1765977982672168600,,,
14,a351fafa-32b2-4d3f-bc84-09f9fd07a52b,,no_pay,1,3,VP1,VP1,10,10,11,10,Karte 1,13:26:24.702,1765977984702716400,1765977984702716400,,,
14,,a9dc516a-37b8-4ad1-84db-cf42430b42bd,no_pay,1,3,VP1,VP2,10,10,11,10,Karte 1,13:26:26.638,1765977986638606700,1765977986638606700,,,
14,a1905cb0-0539-4775-89be-f20f98c72d38,,no_pay,1,3,VP1,VP1,10,10,11,10,Karte 2,13:26:27.930,1765977987930374400,1765977987930374400,,,
14,,1e06a4e6-308c-4452-95d5-53c822f82c5f,no_pay,1,3,VP1,VP2,10,10,11,10,Karte 2,13:26:33.143,1765977993143584400,1765977993143584400,,,
14,0ddccd0c-29a0-45ee-bd96-3ec82e516991,,no_pay,1,3,VP1,VP1,10,10,11,10,Hoch,13:26:35.663,1765977995663558700,1765977995663558700,,,
14,,b9fa2192-2b9f-4c60-afb8-542be47e2f1c,no_pay,1,3,VP1,VP2,10,10,11,10,Wahrheit,13:26:39.752,1765977999752351800,1765977999752351800,,,
14,,,no_pay,1,3,VP1,,10,10,11,10,Showdown,13:26:39.949,1765977999949850000,1765977999949850000,VP1,,
14,e2555112-d2f4-4788-8adf-47d61d0d7f66,,no_pay,1,3,VP1,VP1,10,10,11,10,Nächste Runde,13:26:44.078,1765978004078775300,1765978004078775300,,,
14,,b5a6d72e-f3f7-4748-9e11-13e214babe78,no_pay,1,3,VP1,VP2,10,10,11,10,Nächste Runde,13:26:53.912,1765978013912411700,1765978013912411700,,,
14,,1af28cb4-70e3-4351-b26c-0cd7fee70e63,no_pay,1,4,VP2,VP2,10,7,8,10,Karte 1,13:26:55.492,1765978015492899100,1765978015492899100,,,
14,c71f6c94-0cd1-48e0-99b3-a576b56278aa,,no_pay,1,4,VP2,VP1,10,7,8,10,Karte 1,13:26:57.065,1765978017065877100,1765978017065877100,,,
14,,91a11fd2-7c05-4465-ab15-23a787ca5306,no_pay,1,4,VP2,VP2,10,7,8,10,Karte 2,13:27:01.291,1765978021291014900,1765978021291014900,,,
14,7f5ef7cb-0c9c-4f29-ba60-94369dc86d5f,,no_pay,1,4,VP2,VP1,10,7,8,10,Karte 2,13:27:02.781,1765978022781242500,1765978022781242500,,,
14,,21495491-2cfe-4052-aa7d-4b51206dcdf1,no_pay,1,4,VP2,VP2,10,7,8,10,Mittel,13:27:06.079,1765978026079033900,1765978026079033900,,,
14,3e73139a-2325-462b-a6f5-1c1abfffebf6,,no_pay,1,4,VP2,VP1,10,7,8,10,Wahrheit,13:27:09.845,1765978029845504900,1765978029845504900,,,
14,,,no_pay,1,4,VP2,,10,7,8,10,Showdown,13:27:10.043,1765978030043655400,1765978030043655400,VP2,,
14,,8368e5ab-19d1-427f-901a-e19e6ced2f86,no_pay,1,4,VP2,VP2,10,7,8,10,Nächste Runde,13:27:27.379,1765978047379637000,1765978047379637000,,,
14,83c57ada-a621-4542-b649-dd9c56315432,,no_pay,1,4,VP2,VP1,10,7,8,10,Nächste Runde,13:27:28.123,1765978048123944100,1765978048123944100,,,
14,69ef18ab-8a01-4ae9-af12-cff86eebeac6,,no_pay,1,5,VP1,VP1,10,8,9,8,Karte 1,13:27:31.697,1765978051697740700,1765978051697740700,,,
14,,ebe16724-7d8b-4412-8ef8-d3247353a902,no_pay,1,5,VP1,VP2,10,8,9,8,Karte 1,13:27:33.691,1765978053691435600,1765978053691435600,,,
14,9d7c3e92-2b79-4e65-af36-417327fb03ff,,no_pay,1,5,VP1,VP1,10,8,9,8,Karte 2,13:27:35.002,1765978055002420200,1765978055002420200,,,
14,,708b4950-6700-4a43-8abc-a48fc3ae67b6,no_pay,1,5,VP1,VP2,10,8,9,8,Karte 2,13:27:39.058,1765978059058815700,1765978059058815700,,,
14,d4ecfd8e-0a6b-4292-aaae-28e072add29f,,no_pay,1,5,VP1,VP1,10,8,9,8,Mittel,13:27:41.224,1765978061224600200,1765978061224600200,,,
14,,c27789a1-7cac-48b8-a368-dfd01cc0f37f,no_pay,1,5,VP1,VP2,10,8,9,8,Bluff,13:27:43.169,1765978063169424800,1765978063169424800,,,
14,,,no_pay,1,5,VP1,,10,8,9,8,Showdown,13:27:43.367,1765978063367924500,1765978063367924500,VP1,,
14,7c6c7dab-a7eb-4182-bbe6-1a71f7573b60,,no_pay,1,5,VP1,VP1,10,8,9,8,Nächste Runde,13:27:48.057,1765978068057089100,1765978068057089100,,,
14,,4bb8057a-08a7-4c53-88ad-75bd8868b8fd,no_pay,1,5,VP1,VP2,10,8,9,8,Nächste Runde,13:27:51.102,1765978071102735200,1765978071102735200,,,
14,,b1353d2e-2c76-4c16-801f-1c6b3b47ab9e,no_pay,1,6,VP2,VP2,10,11,9,10,Karte 1,13:27:52.784,1765978072784678700,1765978072784678700,,,
14,a3f00a1c-f6ad-4141-842a-50ba2b0d9458,,no_pay,1,6,VP2,VP1,10,11,9,10,Karte 1,13:27:54.175,1765978074175621400,1765978074175621400,,,
14,,4a7365a4-181c-4d49-a0f1-79aee85e0026,no_pay,1,6,VP2,VP2,10,11,9,10,Karte 2,13:28:00.240,1765978080240981500,1765978080240981500,,,
14,bebc4382-bf4c-424d-9596-f432ab341693,,no_pay,1,6,VP2,VP1,10,11,9,10,Karte 2,13:28:01.310,1765978081310625700,1765978081310625700,,,
14,,5ee67284-492e-4c26-ba34-0c75d096a380,no_pay,1,6,VP2,VP2,10,11,9,10,Hoch,13:28:04.390,1765978084390327700,1765978084390327700,,,
14,d834b450-1e04-4f45-95a6-70fed3a08030,,no_pay,1,6,VP2,VP1,10,11,9,10,Bluff,13:28:06.659,1765978086659046400,1765978086659046400,,,
14,,,no_pay,1,6,VP2,,10,11,9,10,Showdown,13:28:06.860,1765978086860823300,1765978086860823300,VP2,,
14,d052627f-26bb-475c-bf4e-cfdcc33d861b,,no_pay,1,6,VP2,VP1,10,11,9,10,Nächste Runde,13:28:11.263,1765978091263944200,1765978091263944200,,,
14,,7c14ef4a-6152-4423-b9f3-f2e76e3ed2e2,no_pay,1,6,VP2,VP2,10,11,9,10,Nächste Runde,13:28:12.359,1765978092359248600,1765978092359248600,,,
14,25573b7c-f5cb-45eb-b344-d979d1ba5ccd,,no_pay,1,7,VP1,VP1,10,7,8,7,Karte 1,13:28:15.440,1765978095440055700,1765978095440055700,,,
14,,66875f90-8890-4427-b03b-ddc651def216,no_pay,1,7,VP1,VP2,10,7,8,7,Karte 1,13:28:17.998,1765978097998641000,1765978097998641000,,,
14,0b35e169-bea8-469e-9a74-d0bd95269876,,no_pay,1,7,VP1,VP1,10,7,8,7,Karte 2,13:28:20.365,1765978100365949700,1765978100365949700,,,
14,,9bb48e3a-02d9-42ee-b6e0-23a62f577517,no_pay,1,7,VP1,VP2,10,7,8,7,Karte 2,13:28:24.143,1765978104143923600,1765978104143923600,,,
14,196bfa82-761c-44fa-bffc-0cd2cecaca0d,,no_pay,1,7,VP1,VP1,10,7,8,7,Mittel,13:28:29.575,1765978109575837100,1765978109575837100,,,
14,,b09ebc62-95f4-49b5-8f8f-d3f2429ef345,no_pay,1,7,VP1,VP2,10,7,8,7,Bluff,13:28:36.696,1765978116696006800,1765978116696006800,,,
14,,,no_pay,1,7,VP1,,10,7,8,7,Showdown,13:28:36.893,1765978116893978100,1765978116893978100,VP1,,
14,9e68f72c-9902-4595-a7ec-b1880a9873ad,,no_pay,1,7,VP1,VP1,10,7,8,7,Nächste Runde,13:28:41.050,1765978121050003500,1765978121050003500,,,
14,,31fa05d9-9213-45b7-a488-308df9887a23,no_pay,1,7,VP1,VP2,10,7,8,7,Nächste Runde,13:28:42.104,1765978122104598700,1765978122104598700,,,
14,,a69884af-7ae0-45dc-a784-04b5d15812ca,no_pay,1,8,VP2,VP2,7,10,11,8,Karte 1,13:28:44.090,1765978124090965600,1765978124090965600,,,
14,77d1ad15-0361-4b0e-ad66-6c7d78ec7d43,,no_pay,1,8,VP2,VP1,7,10,11,8,Karte 1,13:28:45.320,1765978125320895200,1765978125320895200,,,
14,,9da1f81c-7917-4568-80e0-abc234d85bab,no_pay,1,8,VP2,VP2,7,10,11,8,Karte 2,13:28:46.560,1765978126560843100,1765978126560843100,,,
14,8c59d3d5-4b28-469e-a82e-fcf226eb0716,,no_pay,1,8,VP2,VP1,7,10,11,8,Karte 2,13:28:47.337,1765978127337209600,1765978127337209600,,,
14,,c469e7d9-6465-43de-a251-955ca9916d93,no_pay,1,8,VP2,VP2,7,10,11,8,Tief,13:28:48.726,1765978128726326900,1765978128726326900,,,
14,ada4b27a-408d-4110-bf9a-c6ea19c8c71a,,no_pay,1,8,VP2,VP1,7,10,11,8,Wahrheit,13:28:54.599,1765978134599398500,1765978134599398500,,,
14,,,no_pay,1,8,VP2,,7,10,11,8,Showdown,13:28:54.800,1765978134800408200,1765978134800408200,VP2,,
14,,019a9533-4b30-43aa-94ad-44d5326c831d,no_pay,1,8,VP2,VP2,7,10,11,8,Nächste Runde,13:28:58.702,1765978138702622900,1765978138702622900,,,
14,555fb73a-2c16-4897-a5c3-f36c5522ad68,,no_pay,1,8,VP2,VP1,7,10,11,8,Nächste Runde,13:28:59.519,1765978139519852900,1765978139519852900,,,
14,45d532a8-df1f-43ee-929d-827e33eb60f5,,no_pay,1,9,VP1,VP1,8,7,11,11,Karte 1,13:29:05.030,1765978145030450300,1765978145030450300,,,
14,,749298e3-4a9c-4762-a103-beaa3533909f,no_pay,1,9,VP1,VP2,8,7,11,11,Karte 1,13:29:06.477,1765978146477822900,1765978146477822900,,,
14,18c2cbde-245e-41c9-abf3-44dc2c265e60,,no_pay,1,9,VP1,VP1,8,7,11,11,Karte 2,13:29:07.715,1765978147715512600,1765978147715512600,,,
14,,8f4520ca-9d47-41f1-855c-097df2fec2c7,no_pay,1,9,VP1,VP2,8,7,11,11,Karte 2,13:29:09.008,1765978149008530300,1765978149008530300,,,
14,5d66e339-885a-478a-a37d-0fd0cfe46c96,,no_pay,1,9,VP1,VP1,8,7,11,11,Tief,13:29:16.315,1765978156315175800,1765978156315175800,,,
14,,fbb7912f-ecee-477e-bd43-bc026b8c5a53,no_pay,1,9,VP1,VP2,8,7,11,11,Bluff,13:29:21.216,1765978161216317700,1765978161216317700,,,
14,,,no_pay,1,9,VP1,,8,7,11,11,Showdown,13:29:21.417,1765978161417100100,1765978161417100100,VP1,,
14,2a887c0d-ca4e-400b-bc2b-b70a179a886e,,no_pay,1,9,VP1,VP1,8,7,11,11,Nächste Runde,13:29:25.499,1765978165499707900,1765978165499707900,,,
14,,b9dc0920-fcfc-4961-8d71-2e04323e176b,no_pay,1,9,VP1,VP2,8,7,11,11,Nächste Runde,13:29:26.420,1765978166420538300,1765978166420538300,,,
14,,010c59c6-28fb-4328-ab75-eb6b4005020d,no_pay,1,10,VP2,VP2,11,8,7,10,Karte 1,13:29:28.012,1765978168012089700,1765978168012089700,,,
14,31f40f8c-94b0-479e-9173-19381502ccc4,,no_pay,1,10,VP2,VP1,11,8,7,10,Karte 1,13:29:30.730,1765978170730100300,1765978170730100300,,,
14,,7d4ce891-98c1-4d7b-935e-880b1f7631f6,no_pay,1,10,VP2,VP2,11,8,7,10,Karte 2,13:29:36.927,1765978176927011500,1765978176927011500,,,
14,e11a2149-fe27-4afa-a243-1959c6d4a0ab,,no_pay,1,10,VP2,VP1,11,8,7,10,Karte 2,13:29:38.262,1765978178262587300,1765978178262587300,,,
14,,b5216ff4-2236-44f0-ac91-ab3f930d6b54,no_pay,1,10,VP2,VP2,11,8,7,10,Mittel,13:29:41.015,1765978181015181200,1765978181015181200,,,
14,bead0dc7-d289-4677-b22e-3ddc9a175b73,,no_pay,1,10,VP2,VP1,11,8,7,10,Wahrheit,13:29:46.632,1765978186632102500,1765978186632102500,,,
14,,,no_pay,1,10,VP2,,11,8,7,10,Showdown,13:29:46.835,1765978186835977200,1765978186835977200,VP1,,
14,d1f20843-1977-4f6c-b0e0-eec7e0905e18,,no_pay,1,10,VP2,VP1,11,8,7,10,Nächste Runde,13:29:51.119,1765978191119835100,1765978191119835100,,,
14,,9fd45831-c237-44fa-a921-3c838a8b08b7,no_pay,1,10,VP2,VP2,11,8,7,10,Nächste Runde,13:29:52.000,1765978192000873500,1765978192000873500,,,
14,f1944f53-2d30-4263-8b38-16576cc73f92,,no_pay,1,11,VP1,VP1,11,8,7,7,Karte 1,13:29:55.365,1765978195365084300,1765978195365084300,,,
14,,190c9f5a-731a-485a-ad6d-040d9baab264,no_pay,1,11,VP1,VP2,11,8,7,7,Karte 1,13:29:57.337,1765978197337395500,1765978197337395500,,,
14,5d36c287-a554-4c79-a949-1e0a1b4af393,,no_pay,1,11,VP1,VP1,11,8,7,7,Karte 2,13:29:58.882,1765978198882184600,1765978198882184600,,,
14,,be30959f-fb1b-4f68-af0c-a8d980d3d384,no_pay,1,11,VP1,VP2,11,8,7,7,Karte 2,13:30:00.296,1765978200296720700,1765978200296720700,,,
14,e9e0f0d0-1f58-4ff8-81ec-fd24849b2ede,,no_pay,1,11,VP1,VP1,11,8,7,7,Hoch,13:30:03.555,1765978203555746200,1765978203555746200,,,
14,,69843db9-387d-4205-9648-d876ac725de9,no_pay,1,11,VP1,VP2,11,8,7,7,Bluff,13:30:06.088,1765978206088244000,1765978206088244000,,,
14,,,no_pay,1,11,VP1,,11,8,7,7,Showdown,13:30:06.291,1765978206291864000,1765978206291864000,VP1,,
14,0661417c-a414-4d51-9fdc-9a7c508631e4,,no_pay,1,11,VP1,VP1,11,8,7,7,Nächste Runde,13:30:08.707,1765978208707338900,1765978208707338900,,,
14,,08f55a17-3029-434b-ae05-f126918eda63,no_pay,1,11,VP1,VP2,11,8,7,7,Nächste Runde,13:30:09.505,1765978209505282400,1765978209505282400,,,
14,,64917f14-1fcb-43df-9f1d-38352eb6110b,no_pay,1,12,VP2,VP2,11,9,11,11,Karte 1,13:30:11.539,1765978211539474900,1765978211539474900,,,
14,97ea4703-bbeb-45ea-953d-858077fe22c9,,no_pay,1,12,VP2,VP1,11,9,11,11,Karte 1,13:30:13.110,1765978213110708900,1765978213110708900,,,
14,,23b9d87b-ba2a-4168-af70-f03fe1e015ff,no_pay,1,12,VP2,VP2,11,9,11,11,Karte 2,13:30:14.767,1765978214767569700,1765978214767569700,,,
14,f8a2806c-9fbe-47b6-9f7d-534c5ea998f6,,no_pay,1,12,VP2,VP1,11,9,11,11,Karte 2,13:30:15.902,1765978215902811800,1765978215902811800,,,
14,,da16f421-c6cf-4b2e-afce-8bfd86c17b8e,no_pay,1,12,VP2,VP2,11,9,11,11,Hoch,13:30:17.392,1765978217392261400,1765978217392261400,,,
14,21c399da-1595-4196-9c9e-6cf0c517ab40,,no_pay,1,12,VP2,VP1,11,9,11,11,Bluff,13:30:21.405,1765978221405059800,1765978221405059800,,,
14,,,no_pay,1,12,VP2,,11,9,11,11,Showdown,13:30:21.606,1765978221606270300,1765978221606270300,VP1,,
14,,a2e7e832-8d0b-44ee-ab3d-c3efa9b5f3ae,no_pay,1,12,VP2,VP2,11,9,11,11,Nächste Runde,13:30:25.511,1765978225511221900,1765978225511221900,,,
14,f97ecdad-df0f-4aed-b89d-ea20ff4ef398,,no_pay,1,12,VP2,VP1,11,9,11,11,Nächste Runde,13:30:25.609,1765978225609304700,1765978225609304700,,,
14,2abd081e-2708-4499-941f-e19a9045170b,,pay,2,1,VP1,VP1,,,,,Start,13:32:01.492,1765978321492346800,1765978321492346800,,,
14,c8872769-e17a-4c75-8086-f48db345200a,,pay,2,1,VP1,VP1,,,,,Start,13:32:01.646,1765978321646425000,1765978321646425000,,,
14,,a9421a5f-ec13-4d98-90e8-101578ae6898,pay,2,1,VP1,VP2,,,,,Start,13:32:02.222,1765978322222516500,1765978322222516500,,,
14,,,pay,2,1,VP1,,7,7,9,10,Fixation Flash,13:32:07.280,1765978327280498500,1765978327280498500,,0,0
14,,,pay,2,1,VP1,,7,7,9,10,Fixation Ton,13:32:07.623,1765978327623427600,1765978327623427600,,0,0
14,9db43130-ced9-49e9-82fc-531e6e1f74ec,,pay,2,1,VP1,VP1,7,7,9,10,Start,13:32:15.241,1765978335241312500,1765978335241312500,,0,0
14,,5f6a28b7-43f4-460c-a533-d5591688b816,pay,2,1,VP1,VP2,7,7,9,10,Start,13:32:16.046,1765978336046300400,1765978336046300400,,0,0
14,a123810d-08e1-492a-9f32-6f075ae5d148,,pay,2,1,VP1,VP1,7,7,9,10,Karte 1,13:32:17.545,1765978337545914400,1765978337545914400,,0,0
14,,b87ba195-0d1d-400e-830d-6816bf59770b,pay,2,1,VP1,VP2,7,7,9,10,Karte 1,13:32:19.982,1765978339982038600,1765978339982038600,,0,0
14,074ff688-240f-4af8-9725-9b4111db4382,,pay,2,1,VP1,VP1,7,7,9,10,Karte 2,13:32:20.993,1765978340993481500,1765978340993481500,,0,0
14,,367330b9-52f1-477a-ad12-7bd779a82181,pay,2,1,VP1,VP2,7,7,9,10,Karte 2,13:32:24.081,1765978344081464800,1765978344081464800,,0,0
14,20ecd5c2-6060-416c-9a29-0aded5c08641,,pay,2,1,VP1,VP1,7,7,9,10,Mittel,13:32:27.815,1765978347815056300,1765978347815056300,,0,0
14,,6ebd2a8a-0338-4ef1-8b94-fcc6b25c67b9,pay,2,1,VP1,VP2,7,7,9,10,Wahrheit,13:32:37.732,1765978357732632700,1765978357732632700,,0,0
14,,,pay,2,1,VP1,,7,7,9,10,Showdown,13:32:37.939,1765978357939456700,1765978357939456700,VP1,3,0
14,4ba47625-c253-48dd-b6a3-c9120b703618,,pay,2,1,VP1,VP1,7,7,9,10,Nächste Runde,13:32:40.813,1765978360813476400,1765978360813476400,,3,0
14,,6d90bcf5-f824-4d4a-b05c-1ee13f13a0c4,pay,2,1,VP1,VP2,7,7,9,10,Nächste Runde,13:32:42.830,1765978362830254500,1765978362830254500,,3,0
14,,bfdb3063-c981-4b4a-ad5b-96889cc92233,pay,2,2,VP2,VP2,7,8,8,9,Karte 1,13:32:44.102,1765978364102147200,1765978364102147200,,3,0
14,889866a6-5c2d-4307-a951-8e170f1e6d75,,pay,2,2,VP2,VP1,7,8,8,9,Karte 1,13:32:45.419,1765978365419918400,1765978365419918400,,3,0
14,,19045eab-6b13-4cab-9594-7d7dd12d8af4,pay,2,2,VP2,VP2,7,8,8,9,Karte 2,13:32:48.479,1765978368479233400,1765978368479233400,,3,0
14,35f08713-f093-44d5-b4c8-26f58a681b03,,pay,2,2,VP2,VP1,7,8,8,9,Karte 2,13:32:50.166,1765978370166173300,1765978370166173300,,3,0
14,,dc2399c7-f0d7-40c1-977a-38a755dd4a0c,pay,2,2,VP2,VP2,7,8,8,9,Mittel,13:32:52.006,1765978372006061500,1765978372006061500,,3,0
14,d93ce9a0-2844-4c89-89fc-8b89607eb752,,pay,2,2,VP2,VP1,7,8,8,9,Wahrheit,13:32:59.634,1765978379634463800,1765978379634463800,,3,0
14,,,pay,2,2,VP2,,7,8,8,9,Showdown,13:32:59.836,1765978379836543600,1765978379836543600,VP2,3,3
14,b7d372d3-622a-4699-85ae-806b2d46bfb5,,pay,2,2,VP2,VP1,7,8,8,9,Nächste Runde,13:33:04.543,1765978384543520600,1765978384543520600,,3,3
14,,0fa127ca-e674-458a-a407-6297a13aef1c,pay,2,2,VP2,VP2,7,8,8,9,Nächste Runde,13:33:05.505,1765978385505848900,1765978385505848900,,3,3
14,d00b72db-b710-4d7b-92fc-76d46426b2d9,,pay,2,3,VP1,VP1,11,11,10,10,Karte 1,13:33:07.388,1765978387388559200,1765978387388559200,,3,3
14,,7e11542c-8bb5-482a-baad-bc8874b88fae,pay,2,3,VP1,VP2,11,11,10,10,Karte 1,13:33:08.975,1765978388975475900,1765978388975475900,,3,3
14,97512599-1664-4e9a-bbd8-b18babf733bb,,pay,2,3,VP1,VP1,11,11,10,10,Karte 2,13:33:09.819,1765978389819832200,1765978389819832200,,3,3
14,,aefeb3e1-cf4c-4d7f-a9d8-8e99e03b666d,pay,2,3,VP1,VP2,11,11,10,10,Karte 2,13:33:12.754,1765978392754462600,1765978392754462600,,3,3
14,deed97ba-4a9b-4071-be4b-50987423cf54,,pay,2,3,VP1,VP1,11,11,10,10,Tief,13:33:16.434,1765978396434697200,1765978396434697200,,3,3
14,,e02aa162-eec1-40c7-a751-0cfa740e5216,pay,2,3,VP1,VP2,11,11,10,10,Bluff,13:33:19.584,1765978399584222500,1765978399584222500,,3,3
14,,,pay,2,3,VP1,,11,11,10,10,Showdown,13:33:19.788,1765978399788882600,1765978399788882600,VP2,3,6
14,ce45f4ad-a7cc-4d01-b89a-4d9acc2b918e,,pay,2,3,VP1,VP1,11,11,10,10,Nächste Runde,13:33:22.566,1765978402566217100,1765978402566217100,,3,6
14,,c4377cef-3362-4ed1-99ed-8dc1d27a4c8c,pay,2,3,VP1,VP2,11,11,10,10,Nächste Runde,13:33:23.992,1765978403992527400,1765978403992527400,,3,6
14,,7dd7f75d-42d6-41a7-ac6d-0159629f3573,pay,2,4,VP2,VP2,7,10,9,7,Karte 1,13:33:25.639,1765978405639939000,1765978405639939000,,3,6
14,2f231a1f-359c-4898-946f-71bc68520b0d,,pay,2,4,VP2,VP1,7,10,9,7,Karte 1,13:33:26.589,1765978406589812400,1765978406589812400,,3,6
14,,a3984ca8-a2ad-4779-af1a-ceb597cdb7a2,pay,2,4,VP2,VP2,7,10,9,7,Karte 2,13:33:29.198,1765978409198097000,1765978409198097000,,3,6
14,595ad5ac-4d9c-4390-8b98-3d021fba446f,,pay,2,4,VP2,VP1,7,10,9,7,Karte 2,13:33:30.291,1765978410291668600,1765978410291668600,,3,6
14,,759b6b91-3878-4c6e-ba15-883d8d237a9e,pay,2,4,VP2,VP2,7,10,9,7,Mittel,13:33:32.317,1765978412317861500,1765978412317861500,,3,6
14,18766994-3550-4530-94fa-c0e863345bae,,pay,2,4,VP2,VP1,7,10,9,7,Wahrheit,13:33:36.616,1765978416616884800,1765978416616884800,,3,6
14,,,pay,2,4,VP2,,7,10,9,7,Showdown,13:33:36.818,1765978416818933300,1765978416818933300,VP2,3,9
14,,c9c00ba9-9bfc-4b5c-9eda-9bcd19db7e01,pay,2,4,VP2,VP2,7,10,9,7,Nächste Runde,13:33:39.794,1765978419794267800,1765978419794267800,,3,9
14,78d675c4-2778-4c4a-a3d8-476e92d09084,,pay,2,4,VP2,VP1,7,10,9,7,Nächste Runde,13:33:41.090,1765978421090520200,1765978421090520200,,3,9
14,f0d12b05-ecae-445c-a59d-a47721c25ac0,,pay,2,5,VP1,VP1,10,7,9,11,Karte 1,13:33:43.737,1765978423737892700,1765978423737892700,,3,9
14,,9ad22e31-f959-4d7d-a8fe-e13970008bd4,pay,2,5,VP1,VP2,10,7,9,11,Karte 1,13:33:45.404,1765978425404005100,1765978425404005100,,3,9
14,b562dbd8-f141-457e-92d4-a32bac46c01d,,pay,2,5,VP1,VP1,10,7,9,11,Karte 2,13:33:46.873,1765978426873657800,1765978426873657800,,3,9
14,,d11204bf-d520-47ff-a911-282d17fdb398,pay,2,5,VP1,VP2,10,7,9,11,Karte 2,13:33:48.512,1765978428512524100,1765978428512524100,,3,9
14,55c8e6d8-341e-441c-b56b-494601b613fc,,pay,2,5,VP1,VP1,10,7,9,11,Hoch,13:33:53.274,1765978433274678900,1765978433274678900,,3,9
14,,df0e789c-fdcc-477b-b82e-ef31803cd37c,pay,2,5,VP1,VP2,10,7,9,11,Bluff,13:33:55.845,1765978435845555400,1765978435845555400,,3,9
14,,,pay,2,5,VP1,,10,7,9,11,Showdown,13:33:56.045,1765978436045243800,1765978436045243800,VP2,3,12
14,bc2881c8-39a7-48a6-a85d-a6c5f195854d,,pay,2,5,VP1,VP1,10,7,9,11,Nächste Runde,13:33:58.111,1765978438111022800,1765978438111022800,,3,12
14,,98de4fcb-7cdc-4957-8042-01f1c4154947,pay,2,5,VP1,VP2,10,7,9,11,Nächste Runde,13:33:59.375,1765978439375950200,1765978439375950200,,3,12
14,,eb26784e-ce58-48ce-b792-74fa6e3ba69b,pay,2,6,VP2,VP2,10,11,7,9,Karte 1,13:34:00.576,1765978440576239900,1765978440576239900,,3,12
14,55cc724a-d575-4ae9-8284-661083b61c54,,pay,2,6,VP2,VP1,10,11,7,9,Karte 1,13:34:01.892,1765978441892946700,1765978441892946700,,3,12
14,,045ebfed-6c73-45e6-a460-adf96e355cba,pay,2,6,VP2,VP2,10,11,7,9,Karte 2,13:34:03.068,1765978443068704600,1765978443068704600,,3,12
14,5b81e9ae-4ea2-4e02-a438-26297c6c06c2,,pay,2,6,VP2,VP1,10,11,7,9,Karte 2,13:34:03.868,1765978443868027300,1765978443868027300,,3,12
14,,2335b0e6-0c7f-4472-a52c-b47d448a02b9,pay,2,6,VP2,VP2,10,11,7,9,Mittel,13:34:06.652,1765978446652334300,1765978446652334300,,3,12
14,68b80354-f99c-448b-94a4-ebfb37130438,,pay,2,6,VP2,VP1,10,11,7,9,Bluff,13:34:10.300,1765978450300361700,1765978450300361700,,3,12
14,,,pay,2,6,VP2,,10,11,7,9,Showdown,13:34:10.502,1765978450502279900,1765978450502279900,VP1,6,12
14,f8531796-a14b-4a3c-8c1d-7dd3fc620061,,pay,2,6,VP2,VP1,10,11,7,9,Nächste Runde,13:34:13.077,1765978453077363300,1765978453077363300,,6,12
14,,588a292a-b420-43c3-b5de-c5e45cb4ccb4,pay,2,6,VP2,VP2,10,11,7,9,Nächste Runde,13:34:14.793,1765978454793946700,1765978454793946700,,6,12
14,03f0aa78-0b19-448a-9d90-ea79a7309e9f,,pay,2,7,VP1,VP1,9,8,10,11,Karte 1,13:34:16.139,1765978456139980700,1765978456139980700,,6,12
14,,79bbcf87-fb54-484e-b41a-c98e8bc88c73,pay,2,7,VP1,VP2,9,8,10,11,Karte 1,13:34:17.572,1765978457572126200,1765978457572126200,,6,12
14,9ca9bf72-cf75-4005-8bf7-76735798c62f,,pay,2,7,VP1,VP1,9,8,10,11,Karte 2,13:34:19.504,1765978459504579600,1765978459504579600,,6,12
14,,75aadb30-3e62-4b92-b3a1-070eee5d812b,pay,2,7,VP1,VP2,9,8,10,11,Karte 2,13:34:21.325,1765978461325555400,1765978461325555400,,6,12
14,ccc63f05-4584-4b6a-a116-0c813ff1f1e9,,pay,2,7,VP1,VP1,9,8,10,11,Mittel,13:34:29.042,1765978469042980800,1765978469042980800,,6,12
14,,e59380cc-bc2d-4707-b355-80b7880f7c11,pay,2,7,VP1,VP2,9,8,10,11,Bluff,13:34:29.939,1765978469939508800,1765978469939508800,,6,12
14,,,pay,2,7,VP1,,9,8,10,11,Showdown,13:34:30.141,1765978470141028300,1765978470141028300,VP1,9,12
14,2c3680a0-001d-4e1a-9135-dc6c87d23238,,pay,2,7,VP1,VP1,9,8,10,11,Nächste Runde,13:34:32.023,1765978472023041000,1765978472023041000,,9,12
14,,1709a601-0bf1-45c8-90db-6432389434c6,pay,2,7,VP1,VP2,9,8,10,11,Nächste Runde,13:34:32.597,1765978472597584100,1765978472597584100,,9,12
14,,1271fa2d-0427-4bfa-80a9-8f0ebfa9495c,pay,2,8,VP2,VP2,9,9,9,10,Karte 1,13:34:33.908,1765978473908382300,1765978473908382300,,9,12
14,43386f4b-4d6e-41aa-be47-25d87f62ae22,,pay,2,8,VP2,VP1,9,9,9,10,Karte 1,13:34:34.520,1765978474520339800,1765978474520339800,,9,12
14,,3bbe970e-06e2-456a-8d9c-ee4a0d678078,pay,2,8,VP2,VP2,9,9,9,10,Karte 2,13:34:35.843,1765978475843859000,1765978475843859000,,9,12
14,1da3153a-8355-4f03-8159-b42fa8a99cc8,,pay,2,8,VP2,VP1,9,9,9,10,Karte 2,13:34:36.752,1765978476752632800,1765978476752632800,,9,12
14,,3958b4bf-b997-4917-a23a-062a913df0c0,pay,2,8,VP2,VP2,9,9,9,10,Hoch,13:34:37.820,1765978477820481200,1765978477820481200,,9,12
14,20fc17e8-d5f0-4b08-9442-78fe3b88a88f,,pay,2,8,VP2,VP1,9,9,9,10,Wahrheit,13:34:49.423,1765978489423329200,1765978489423329200,,9,12
14,,,pay,2,8,VP2,,9,9,9,10,Showdown,13:34:49.625,1765978489625647000,1765978489625647000,VP2,9,15
14,,79ba75ef-0237-435f-be7c-cb9be814ef1b,pay,2,8,VP2,VP2,9,9,9,10,Nächste Runde,13:34:52.522,1765978492522023200,1765978492522023200,,9,15
14,bde5c93e-16db-4407-8c6e-13ba35809211,,pay,2,8,VP2,VP1,9,9,9,10,Nächste Runde,13:34:53.526,1765978493526363400,1765978493526363400,,9,15
14,4b9ced50-dddc-4cd3-a107-58645e92fbc8,,pay,2,9,VP1,VP1,7,8,7,8,Karte 1,13:34:55.568,1765978495568754200,1765978495568754200,,9,15
14,,f30a72e5-bdca-4ce5-a4a6-e02731a7531c,pay,2,9,VP1,VP2,7,8,7,8,Karte 1,13:34:57.138,1765978497138305800,1765978497138305800,,9,15
14,7ddb78a5-43f0-479d-921c-f8289ed2be96,,pay,2,9,VP1,VP1,7,8,7,8,Karte 2,13:34:57.657,1765978497657911100,1765978497657911100,,9,15
14,,4fa89231-c2e8-4587-a099-ca7d7b5c41b0,pay,2,9,VP1,VP2,7,8,7,8,Karte 2,13:34:59.094,1765978499094841500,1765978499094841500,,9,15
14,0c537309-dc29-447a-8d9d-d6d8a513f3a5,,pay,2,9,VP1,VP1,7,8,7,8,Tief,13:35:03.906,1765978503906748700,1765978503906748700,,9,15
14,,13e1dad0-81b4-464d-8e1a-7e6f05d98427,pay,2,9,VP1,VP2,7,8,7,8,Bluff,13:35:18.855,1765978518855571600,1765978518855571600,,9,15
14,,,pay,2,9,VP1,,7,8,7,8,Showdown,13:35:19.055,1765978519055992500,1765978519055992500,VP1,12,15
14,c9a3392e-e259-49f3-bf63-5a5ac1a3469f,,pay,2,9,VP1,VP1,7,8,7,8,Nächste Runde,13:35:21.638,1765978521638096100,1765978521638096100,,12,15
14,,fdef6e7f-54ac-4cfb-bc08-c2c32d4cf8b6,pay,2,9,VP1,VP2,7,8,7,8,Nächste Runde,13:35:22.494,1765978522494572200,1765978522494572200,,12,15
14,,57c94cfb-46cf-4126-8068-3b2191cd7393,pay,2,10,VP2,VP2,11,8,9,9,Karte 1,13:35:25.479,1765978525479371700,1765978525479371700,,12,15
14,81256dd8-c8d3-4b07-8318-053e18d2fbd2,,pay,2,10,VP2,VP1,11,8,9,9,Karte 1,13:35:26.907,1765978526907720600,1765978526907720600,,12,15
14,,ede66bcc-a7c5-457a-b5ef-2c650401e34c,pay,2,10,VP2,VP2,11,8,9,9,Karte 2,13:35:27.633,1765978527633218700,1765978527633218700,,12,15
14,11cb4551-a697-4662-a422-4d36f38d8173,,pay,2,10,VP2,VP1,11,8,9,9,Karte 2,13:35:28.268,1765978528268381100,1765978528268381100,,12,15
14,,b19fddb1-43ae-401f-ae24-d608fc96cc7a,pay,2,10,VP2,VP2,11,8,9,9,Mittel,13:35:29.833,1765978529833030400,1765978529833030400,,12,15
14,ff243b48-796e-4e8a-afb4-379c89ef8706,,pay,2,10,VP2,VP1,11,8,9,9,Wahrheit,13:35:36.028,1765978536028864800,1765978536028864800,,12,15
14,,,pay,2,10,VP2,,11,8,9,9,Showdown,13:35:36.227,1765978536227162000,1765978536227162000,VP1,15,15
14,aab6de7a-c3ea-452d-9d5f-cfb60c79383e,,pay,2,10,VP2,VP1,11,8,9,9,Nächste Runde,13:35:39.032,1765978539032013700,1765978539032013700,,15,15
14,,2e1f8950-6efe-4e78-888e-efe1d666c6a6,pay,2,10,VP2,VP2,11,8,9,9,Nächste Runde,13:35:40.044,1765978540044320200,1765978540044320200,,15,15
14,666af1d1-2373-460f-a853-17998d31267c,,pay,2,11,VP1,VP1,10,9,10,8,Karte 1,13:35:43.301,1765978543301082900,1765978543301082900,,15,15
14,,4ae2bbdd-6466-4abc-ba32-aa2816b30508,pay,2,11,VP1,VP2,10,9,10,8,Karte 1,13:35:44.246,1765978544246153000,1765978544246153000,,15,15
14,3c20193d-5a09-4b3b-ab43-b3824019ebb3,,pay,2,11,VP1,VP1,10,9,10,8,Karte 2,13:35:45.442,1765978545442893300,1765978545442893300,,15,15
14,,1db502e0-ddeb-49c7-a378-6d8300837666,pay,2,11,VP1,VP2,10,9,10,8,Karte 2,13:35:46.253,1765978546253379500,1765978546253379500,,15,15
14,c08014d6-7a80-47f8-9f31-ecf11997b0ed,,pay,2,11,VP1,VP1,10,9,10,8,Hoch,13:35:51.397,1765978551397911400,1765978551397911400,,15,15
14,,462defb4-a195-41c4-aadd-6deed4990f32,pay,2,11,VP1,VP2,10,9,10,8,Bluff,13:35:59.477,1765978559477598700,1765978559477598700,,15,15
14,,,pay,2,11,VP1,,10,9,10,8,Showdown,13:35:59.676,1765978559676231000,1765978559676231000,VP1,18,15
14,87cb434e-a772-4369-94d3-d104fe8abe2b,,pay,2,11,VP1,VP1,10,9,10,8,Nächste Runde,13:36:01.709,1765978561709173700,1765978561709173700,,18,15
14,,3c80ad94-6a4c-45de-945a-df62efefa6ba,pay,2,11,VP1,VP2,10,9,10,8,Nächste Runde,13:36:02.359,1765978562359180400,1765978562359180400,,18,15
14,,1dd6b080-7b26-4427-b0e2-7dd1b420e3d0,pay,2,12,VP2,VP2,11,11,8,9,Karte 1,13:36:03.574,1765978563574273100,1765978563574273100,,18,15
14,de2c3b33-c112-4258-bf01-a1d01725720c,,pay,2,12,VP2,VP1,11,11,8,9,Karte 1,13:36:04.456,1765978564456419900,1765978564456419900,,18,15
14,,7b7163d4-a88c-4d9e-a89f-fb27a7e6f846,pay,2,12,VP2,VP2,11,11,8,9,Karte 2,13:36:05.245,1765978565245484700,1765978565245484700,,18,15
14,9649583a-0be3-4791-9bde-64c5e7e1c7e3,,pay,2,12,VP2,VP1,11,11,8,9,Karte 2,13:36:06.134,1765978566134831700,1765978566134831700,,18,15
14,,43a1db88-49a5-4dce-a48c-055923b7307d,pay,2,12,VP2,VP2,11,11,8,9,Tief,13:36:19.515,1765978579515419100,1765978579515419100,,18,15
14,9b4b03fb-0a4f-4cb2-a183-2dbd6031ddec,,pay,2,12,VP2,VP1,11,11,8,9,Bluff,13:36:20.604,1765978580604678100,1765978580604678100,,18,15
14,,,pay,2,12,VP2,,11,11,8,9,Showdown,13:36:20.807,1765978580807543200,1765978580807543200,VP1,21,15
14,,51c02b3f-9dbb-4901-8770-9deea5ed6c2e,pay,2,12,VP2,VP2,11,11,8,9,Nächste Runde,13:36:23.688,1765978583688098300,1765978583688098300,,21,15
14,5a6cf403-f690-4250-b966-863a5ebe8864,,pay,2,12,VP2,VP1,11,11,8,9,Nächste Runde,13:36:24.346,1765978584346074100,1765978584346074100,,21,15
14,c4555670-5aa3-4ef3-9206-4e9bfc0a45b1,,no_pay,3,1,VP1,VP1,,,,,Start,13:37:09.311,1765978629311780600,1765978629311780600,,21,15
14,,d9f0ab5e-4560-4703-a29e-089e0ac0345c,no_pay,3,1,VP1,VP2,,,,,Start,13:37:09.349,1765978629349907700,1765978629349907700,,21,15
14,,,no_pay,3,1,VP1,,8,8,7,11,Fixation Flash,13:37:14.403,1765978634403821200,1765978634403821200,,,
14,,,no_pay,3,1,VP1,,8,8,7,11,Fixation Ton,13:37:14.747,1765978634747969400,1765978634747969400,,,
14,5d99970f-4f15-4659-975f-481f0bf620b0,,no_pay,3,1,VP1,VP1,8,8,7,11,Start,13:37:20.928,1765978640928539300,1765978640928539300,,,
14,,c702cd65-c47e-4600-b85d-9127975c351d,no_pay,3,1,VP1,VP2,8,8,7,11,Start,13:37:21.357,1765978641357572200,1765978641357572200,,,
14,1dc1c249-1869-4d7d-a19f-ef4b9925dfe1,,no_pay,3,1,VP1,VP1,8,8,7,11,Karte 1,13:37:22.444,1765978642444680700,1765978642444680700,,,
14,,dc633b28-37ed-409b-98f5-845e261af96c,no_pay,3,1,VP1,VP2,8,8,7,11,Karte 1,13:37:23.742,1765978643742144000,1765978643742144000,,,
14,28874652-fb67-49fe-9850-8a310798406f,,no_pay,3,1,VP1,VP1,8,8,7,11,Karte 2,13:37:24.804,1765978644804763700,1765978644804763700,,,
14,,10b4f4c3-fe4a-498b-a215-36114c826b6f,no_pay,3,1,VP1,VP2,8,8,7,11,Karte 2,13:37:25.634,1765978645634039000,1765978645634039000,,,
14,f5fad498-de93-4c40-8787-c15eeeb43125,,no_pay,3,1,VP1,VP1,8,8,7,11,Tief,13:37:28.693,1765978648693549000,1765978648693549000,,,
14,,1db7e0ce-338c-4ede-a6d8-b0aa83d91cff,no_pay,3,1,VP1,VP2,8,8,7,11,Wahrheit,13:37:31.386,1765978651386994700,1765978651386994700,,,
14,,,no_pay,3,1,VP1,,8,8,7,11,Showdown,13:37:31.587,1765978651587851100,1765978651587851100,VP2,,
14,aee3ae30-0926-4aea-9aeb-20b08a2a7087,,no_pay,3,1,VP1,VP1,8,8,7,11,Nächste Runde,13:37:33.518,1765978653518626700,1765978653518626700,,,
14,,2357c23d-f0c3-4a62-8dc0-33cf4037f494,no_pay,3,1,VP1,VP2,8,8,7,11,Nächste Runde,13:37:34.956,1765978654956214700,1765978654956214700,,,
14,,4f218cc0-c0a1-4d14-9a0b-735be8997699,no_pay,3,2,VP2,VP2,8,7,8,8,Karte 1,13:37:36.268,1765978656268026300,1765978656268026300,,,
14,5cb0718c-e368-4d7f-a8e8-b4ed24e7461a,,no_pay,3,2,VP2,VP1,8,7,8,8,Karte 1,13:37:37.693,1765978657693809300,1765978657693809300,,,
14,,63a258fe-35cb-4c93-8a62-ff4b7224d6f6,no_pay,3,2,VP2,VP2,8,7,8,8,Karte 2,13:37:38.788,1765978658788163600,1765978658788163600,,,
14,880333ae-662f-4363-9913-0198f3b9efa3,,no_pay,3,2,VP2,VP1,8,7,8,8,Karte 2,13:37:40.237,1765978660237254900,1765978660237254900,,,
14,,06865ef4-018a-4ddd-b8aa-0292d85ffcd6,no_pay,3,2,VP2,VP2,8,7,8,8,Tief,13:37:51.534,1765978671534519400,1765978671534519400,,,
14,af001213-43a6-4417-b0e0-f3ac19becf69,,no_pay,3,2,VP2,VP1,8,7,8,8,Bluff,13:37:56.162,1765978676162586100,1765978676162586100,,,
14,,,no_pay,3,2,VP2,,8,7,8,8,Showdown,13:37:56.361,1765978676361905000,1765978676361905000,VP2,,
14,,e5beacd1-3ede-404d-94d4-5f3cd003a157,no_pay,3,2,VP2,VP2,8,7,8,8,Nächste Runde,13:37:58.028,1765978678028541800,1765978678028541800,,,
14,2768e332-e6e6-40ef-8d9b-d5b7f3e352a4,,no_pay,3,2,VP2,VP1,8,7,8,8,Nächste Runde,13:37:58.576,1765978678576640600,1765978678576640600,,,
14,0b9024d3-a7ff-4db2-8aef-2d1ed24938dd,,no_pay,3,3,VP1,VP1,10,10,11,10,Karte 1,13:38:00.330,1765978680330756900,1765978680330756900,,,
14,,be8e85e4-2e11-4b75-8d6d-535db3b92aa1,no_pay,3,3,VP1,VP2,10,10,11,10,Karte 1,13:38:01.148,1765978681148780400,1765978681148780400,,,
14,9e06b2d3-d0a4-4c35-a7b0-19f1e9ec74d4,,no_pay,3,3,VP1,VP1,10,10,11,10,Karte 2,13:38:01.657,1765978681657501600,1765978681657501600,,,
14,,ef1e3ab8-bb29-437d-9f39-a1b59cbcaa0c,no_pay,3,3,VP1,VP2,10,10,11,10,Karte 2,13:38:02.405,1765978682405331200,1765978682405331200,,,
14,9ca6fb68-4bac-465c-9a2f-55e62f332313,,no_pay,3,3,VP1,VP1,10,10,11,10,Hoch,13:38:05.028,1765978685028113500,1765978685028113500,,,
14,,1f102d4c-9308-46e4-bba4-31aa33e1802e,no_pay,3,3,VP1,VP2,10,10,11,10,Bluff,13:38:06.930,1765978686930846000,1765978686930846000,,,
14,,,no_pay,3,3,VP1,,10,10,11,10,Showdown,13:38:07.129,1765978687129869100,1765978687129869100,VP2,,
14,b1e07e90-bf2b-4bb8-bd0b-2a6ebbfe02b6,,no_pay,3,3,VP1,VP1,10,10,11,10,Nächste Runde,13:38:08.806,1765978688806375400,1765978688806375400,,,
14,,0bd983b3-fe1d-4e23-96d9-4bf884060ee3,no_pay,3,3,VP1,VP2,10,10,11,10,Nächste Runde,13:38:09.576,1765978689576807600,1765978689576807600,,,
14,,90f749db-4b4d-4bfb-aff3-56260f0a2673,no_pay,3,4,VP2,VP2,10,7,8,10,Karte 1,13:38:13.012,1765978693012694500,1765978693012694500,,,
14,6bd031a1-c5b6-4d4e-bf10-ac51ae839a61,,no_pay,3,4,VP2,VP1,10,7,8,10,Karte 1,13:38:13.526,1765978693526621000,1765978693526621000,,,
14,,c6e30101-18ab-499d-bc04-55350ae968a9,no_pay,3,4,VP2,VP2,10,7,8,10,Karte 2,13:38:14.023,1765978694023316800,1765978694023316800,,,
14,d9d77512-ec09-4770-bb1a-0a396234b23c,,no_pay,3,4,VP2,VP1,10,7,8,10,Karte 2,13:38:14.633,1765978694633919900,1765978694633919900,,,
14,,16b06658-2a13-45a0-9b26-d8bc735cc305,no_pay,3,4,VP2,VP2,10,7,8,10,Mittel,13:38:15.983,1765978695983447200,1765978695983447200,,,
14,ccd6848f-3b82-4574-a508-c606ba45edcb,,no_pay,3,4,VP2,VP1,10,7,8,10,Wahrheit,13:38:18.481,1765978698481841000,1765978698481841000,,,
14,,,no_pay,3,4,VP2,,10,7,8,10,Showdown,13:38:18.683,1765978698683742200,1765978698683742200,VP2,,
14,,5416eee2-ea30-4e87-8e2a-997c91daf349,no_pay,3,4,VP2,VP2,10,7,8,10,Nächste Runde,13:38:20.423,1765978700423849300,1765978700423849300,,,
14,92f55b5a-cb8f-4fb9-bd4b-fa2cdc68d470,,no_pay,3,4,VP2,VP1,10,7,8,10,Nächste Runde,13:38:24.209,1765978704209751100,1765978704209751100,,,
14,f7d1fa39-9af2-4c82-8af5-7652b6d27b95,,no_pay,3,5,VP1,VP1,10,8,9,8,Karte 1,13:38:26.477,1765978706477350200,1765978706477350200,,,
14,,764d88ed-23a4-4caa-b220-765b67376143,no_pay,3,5,VP1,VP2,10,8,9,8,Karte 1,13:38:28.923,1765978708923567300,1765978708923567300,,,
14,215e3b7e-e30e-4702-81fe-6a6baef5acbd,,no_pay,3,5,VP1,VP1,10,8,9,8,Karte 2,13:38:30.167,1765978710167998100,1765978710167998100,,,
14,,061e6a90-7741-44b4-b84c-9fa88a6371e8,no_pay,3,5,VP1,VP2,10,8,9,8,Karte 2,13:38:30.767,1765978710767679900,1765978710767679900,,,
14,35cca4cc-1d9b-452b-98af-27df9228167d,,no_pay,3,5,VP1,VP1,10,8,9,8,Mittel,13:38:33.931,1765978713931347200,1765978713931347200,,,
14,,444d02a9-e2d3-42f5-96bd-87e67183ea87,no_pay,3,5,VP1,VP2,10,8,9,8,Bluff,13:38:39.541,1765978719541851900,1765978719541851900,,,
14,,,no_pay,3,5,VP1,,10,8,9,8,Showdown,13:38:39.737,1765978719737691200,1765978719737691200,VP1,,
14,8d242791-6493-4baf-b9ab-711135755402,,no_pay,3,5,VP1,VP1,10,8,9,8,Nächste Runde,13:38:41.780,1765978721780056100,1765978721780056100,,,
14,,8aac4979-fc55-474d-9971-a98ee5a5ee10,no_pay,3,5,VP1,VP2,10,8,9,8,Nächste Runde,13:38:45.041,1765978725041498800,1765978725041498800,,,
14,,e236e7a0-bbba-4621-b4a7-5ce548d1697b,no_pay,3,6,VP2,VP2,10,11,9,10,Karte 1,13:38:46.257,1765978726257557000,1765978726257557000,,,
14,1b53d415-fc1b-497e-841e-867588ea4946,,no_pay,3,6,VP2,VP1,10,11,9,10,Karte 1,13:38:47.089,1765978727088999600,1765978727088999600,,,
14,,444c6f0e-e917-4e40-9221-be25bf7b3a90,no_pay,3,6,VP2,VP2,10,11,9,10,Karte 2,13:38:48.861,1765978728861843400,1765978728861843400,,,
14,561dff8e-9308-4ba3-9381-c9cd4b4a80a7,,no_pay,3,6,VP2,VP1,10,11,9,10,Karte 2,13:38:49.668,1765978729668261800,1765978729668261800,,,
14,,737ec868-cbee-4e2c-88a6-47bc8c3ff294,no_pay,3,6,VP2,VP2,10,11,9,10,Hoch,13:38:51.931,1765978731931061000,1765978731931061000,,,
14,20077114-cf6d-416b-8244-ef9be03c155d,,no_pay,3,6,VP2,VP1,10,11,9,10,Bluff,13:38:55.305,1765978735305713800,1765978735305713800,,,
14,,,no_pay,3,6,VP2,,10,11,9,10,Showdown,13:38:55.508,1765978735508151200,1765978735508151200,VP2,,
14,,262afa40-1771-45c3-90da-768c415acfbd,no_pay,3,6,VP2,VP2,10,11,9,10,Nächste Runde,13:38:56.752,1765978736752974700,1765978736752974700,,,
14,76c5d403-c792-437f-8af7-8b475f36147c,,no_pay,3,6,VP2,VP1,10,11,9,10,Nächste Runde,13:38:57.728,1765978737728349200,1765978737728349200,,,
14,4548d50d-6ef2-49ca-9f3b-a01fc827dfa0,,no_pay,3,7,VP1,VP1,10,7,8,7,Karte 1,13:38:59.501,1765978739501222700,1765978739501222700,,,
14,,c18e4b11-f562-48b0-a14c-ecc609bbc758,no_pay,3,7,VP1,VP2,10,7,8,7,Karte 1,13:39:00.293,1765978740293701100,1765978740293701100,,,
14,2d122a66-952d-4a6a-b357-579a8d5ce10d,,no_pay,3,7,VP1,VP1,10,7,8,7,Karte 2,13:39:00.931,1765978740931878000,1765978740931878000,,,
14,,e6f6813c-6a6e-4de5-846a-1377d926b7e1,no_pay,3,7,VP1,VP2,10,7,8,7,Karte 2,13:39:01.746,1765978741746172200,1765978741746172200,,,
14,7a3170e2-dfcf-48a1-a61a-95b7e69efba8,,no_pay,3,7,VP1,VP1,10,7,8,7,Tief,13:39:09.234,1765978749234209100,1765978749234209100,,,
14,,97c8a493-c050-4319-a8a9-b397aadeba92,no_pay,3,7,VP1,VP2,10,7,8,7,Bluff,13:39:11.499,1765978751499933500,1765978751499933500,,,
14,,,no_pay,3,7,VP1,,10,7,8,7,Showdown,13:39:11.698,1765978751698494700,1765978751698494700,VP2,,
14,6e340678-42b2-4f17-a710-13f8c3f700c0,,no_pay,3,7,VP1,VP1,10,7,8,7,Nächste Runde,13:39:15.587,1765978755587420200,1765978755587420200,,,
14,,55de865a-eb88-43ad-bee9-3ee77aea66e3,no_pay,3,7,VP1,VP2,10,7,8,7,Nächste Runde,13:39:16.869,1765978756869870400,1765978756869870400,,,
14,,77a142d2-b0f8-4622-8a9c-4c2fb8f37ee0,no_pay,3,8,VP2,VP2,7,10,11,8,Karte 1,13:39:17.819,1765978757819678800,1765978757819678800,,,
14,90ccba3f-6f7c-4c4d-b786-1e7ad7ce14ca,,no_pay,3,8,VP2,VP1,7,10,11,8,Karte 1,13:39:18.875,1765978758875976600,1765978758875976600,,,
14,,4e6b9a5d-f393-4bb9-a493-bb5dce6d471d,no_pay,3,8,VP2,VP2,7,10,11,8,Karte 2,13:39:19.772,1765978759772852200,1765978759772852200,,,
14,00b2613d-9959-4c66-91d8-975e3c56e11a,,no_pay,3,8,VP2,VP1,7,10,11,8,Karte 2,13:39:20.381,1765978760381448100,1765978760381448100,,,
14,,e1353deb-15a4-4949-b8bf-49cd02352874,no_pay,3,8,VP2,VP2,7,10,11,8,Mittel,13:39:21.896,1765978761896355000,1765978761896355000,,,
14,25bcc1d0-aa28-429f-92f8-68218df07c0b,,no_pay,3,8,VP2,VP1,7,10,11,8,Wahrheit,13:39:25.531,1765978765531568400,1765978765531568400,,,
14,,,no_pay,3,8,VP2,,7,10,11,8,Showdown,13:39:25.731,1765978765731338900,1765978765731338900,VP2,,
14,c1a41cc6-f710-47fe-8e39-b97019662cfe,,no_pay,3,8,VP2,VP1,7,10,11,8,Nächste Runde,13:39:28.670,1765978768670103300,1765978768670103300,,,
14,,a8c372ec-d649-4147-9483-cb0af01d8f6b,no_pay,3,8,VP2,VP2,7,10,11,8,Nächste Runde,13:39:28.731,1765978768731137800,1765978768731137800,,,
14,e35b5729-2133-47ef-ad8e-bc5b7280d0d9,,no_pay,3,9,VP1,VP1,8,7,11,11,Karte 1,13:39:30.307,1765978770307553700,1765978770307553700,,,
14,,cfa0a846-3d97-4cbf-917e-99157325b224,no_pay,3,9,VP1,VP2,8,7,11,11,Karte 1,13:39:32.030,1765978772030738500,1765978772030738500,,,
14,23009317-84fb-4a00-af37-9351844d19bf,,no_pay,3,9,VP1,VP1,8,7,11,11,Karte 2,13:39:32.963,1765978772963805600,1765978772963805600,,,
14,,6e3ecb0b-6b14-4379-a55f-e7cfecdc323c,no_pay,3,9,VP1,VP2,8,7,11,11,Karte 2,13:39:33.914,1765978773914383000,1765978773914383000,,,
14,cdc8d65f-fae5-4714-8e63-b9b523c3ea3b,,no_pay,3,9,VP1,VP1,8,7,11,11,Tief,13:39:38.963,1765978778963210800,1765978778963210800,,,
14,,bba3c4e9-41e7-403c-a17b-ebbc6b0a8d75,no_pay,3,9,VP1,VP2,8,7,11,11,Bluff,13:39:39.730,1765978779730965200,1765978779730965200,,,
14,,,no_pay,3,9,VP1,,8,7,11,11,Showdown,13:39:39.933,1765978779933234500,1765978779933234500,VP1,,
14,,b064713b-2864-41ab-be57-e8b299de2f6f,no_pay,3,9,VP1,VP2,8,7,11,11,Nächste Runde,13:39:41.221,1765978781221406100,1765978781221406100,,,
14,242160d9-bf28-480b-befa-b4428ef42e47,,no_pay,3,9,VP1,VP1,8,7,11,11,Nächste Runde,13:39:41.563,1765978781563703600,1765978781563703600,,,
14,,f09ea93d-b0a1-414e-8126-6714975f3d16,no_pay,3,10,VP2,VP2,11,8,7,10,Karte 1,13:39:43.117,1765978783117980900,1765978783117980900,,,
14,5535800b-dad3-4b93-8fb4-6f55b89b681e,,no_pay,3,10,VP2,VP1,11,8,7,10,Karte 1,13:39:43.597,1765978783597176400,1765978783597176400,,,
14,,6bb29fd0-8317-4599-b194-92e7ed2048ed,no_pay,3,10,VP2,VP2,11,8,7,10,Karte 2,13:39:44.027,1765978784027449900,1765978784027449900,,,
14,134e0f79-e93b-4993-9df2-4bb76d107abd,,no_pay,3,10,VP2,VP1,11,8,7,10,Karte 2,13:39:44.497,1765978784497751800,1765978784497751800,,,
14,,eccda961-ec47-4622-b8fe-4ef697bf1659,no_pay,3,10,VP2,VP2,11,8,7,10,Mittel,13:39:46.577,1765978786577102000,1765978786577102000,,,
14,e8fdf707-7ba5-453d-801e-039e8f6805b4,,no_pay,3,10,VP2,VP1,11,8,7,10,Wahrheit,13:39:49.367,1765978789367456900,1765978789367456900,,,
14,,,no_pay,3,10,VP2,,11,8,7,10,Showdown,13:39:49.566,1765978789566193900,1765978789566193900,VP1,,
14,b74535f3-90d8-4166-b00f-48eebd9ac74c,,no_pay,3,10,VP2,VP1,11,8,7,10,Nächste Runde,13:39:52.061,1765978792061098800,1765978792061098800,,,
14,,c83c45c6-8367-4249-aaa6-6e9d5b9e718d,no_pay,3,10,VP2,VP2,11,8,7,10,Nächste Runde,13:39:55.649,1765978795649069300,1765978795649069300,,,
14,f9aec0ca-698b-42b6-a6e0-28a87747afb1,,no_pay,3,11,VP1,VP1,11,8,7,7,Karte 1,13:39:58.107,1765978798107728100,1765978798107728100,,,
14,,d27425d6-8d40-40dc-8d84-9cf945500bde,no_pay,3,11,VP1,VP2,11,8,7,7,Karte 1,13:39:58.897,1765978798897257400,1765978798897257400,,,
14,8b422947-9790-4253-bec8-e2a5937eb3bb,,no_pay,3,11,VP1,VP1,11,8,7,7,Karte 2,13:39:59.337,1765978799337983700,1765978799337983700,,,
14,,6bb79eb7-1004-45cc-8096-8cbffac1da8f,no_pay,3,11,VP1,VP2,11,8,7,7,Karte 2,13:40:00.126,1765978800126606500,1765978800126606500,,,
14,2c727ece-c75a-44e5-9b7e-55f9b0c5d8b6,,no_pay,3,11,VP1,VP1,11,8,7,7,Hoch,13:40:05.337,1765978805337847800,1765978805337847800,,,
14,,0e3e9120-e833-47d3-9737-66cccf1fb88f,no_pay,3,11,VP1,VP2,11,8,7,7,Bluff,13:40:09.052,1765978809052882000,1765978809052882000,,,
14,,,no_pay,3,11,VP1,,11,8,7,7,Showdown,13:40:09.250,1765978809250818600,1765978809250818600,VP1,,
14,dc5c7a5b-6009-4498-b154-eb66ea2696b1,,no_pay,3,11,VP1,VP1,11,8,7,7,Nächste Runde,13:40:11.834,1765978811834040100,1765978811834040100,,,
14,,852721b6-a3e8-474d-a1a1-c66c532c8758,no_pay,3,11,VP1,VP2,11,8,7,7,Nächste Runde,13:40:14.759,1765978814759809700,1765978814759809700,,,
14,,a5bf163d-bdd1-42ce-a621-f9f726a704a4,no_pay,3,12,VP2,VP2,11,9,11,11,Karte 1,13:40:17.019,1765978817019702100,1765978817019702100,,,
14,757467a6-cd76-4e3e-a40f-1802a55de561,,no_pay,3,12,VP2,VP1,11,9,11,11,Karte 1,13:40:17.939,1765978817939561900,1765978817939561900,,,
14,,443d01f4-526b-4bde-a08c-2ed824a6b507,no_pay,3,12,VP2,VP2,11,9,11,11,Karte 2,13:40:18.555,1765978818555444000,1765978818555444000,,,
14,c44c56a6-e9e8-4a22-980e-6122f17ae39d,,no_pay,3,12,VP2,VP1,11,9,11,11,Karte 2,13:40:19.568,1765978819568031600,1765978819568031600,,,
14,,dcedaf56-4259-4754-87a8-047aa18d85e7,no_pay,3,12,VP2,VP2,11,9,11,11,Mittel,13:40:20.775,1765978820775968500,1765978820775968500,,,
14,7fc79a8d-5468-4d65-9c01-45c61f21f20f,,no_pay,3,12,VP2,VP1,11,9,11,11,Bluff,13:40:24.959,1765978824959801000,1765978824959801000,,,
14,,,no_pay,3,12,VP2,,11,9,11,11,Showdown,13:40:25.162,1765978825162530600,1765978825162530600,VP1,,
14,,f67fc00b-f469-4c7f-b3a3-6233233e09b6,no_pay,3,12,VP2,VP2,11,9,11,11,Nächste Runde,13:40:27.323,1765978827323889500,1765978827323889500,,,
14,232fdc25-5c32-4fe2-911c-728f773d8805,,no_pay,3,12,VP2,VP1,11,9,11,11,Nächste Runde,13:40:27.755,1765978827755194500,1765978827755194500,,,
14,,1c272b4c-cbc3-402f-84dc-0bc143ced3fa,pay,4,1,VP1,VP2,,,,,Start,13:41:30.102,1765978890102290200,1765978890102290200,,,
14,3fbc9b4d-9669-42b8-9136-080bbffe7f29,,pay,4,1,VP1,VP1,,,,,Start,13:41:32.294,1765978892294081300,1765978892294081300,,,
14,,,pay,4,1,VP1,,7,7,9,10,Fixation Flash,13:41:37.309,1765978897309249100,1765978897309249100,,0,0
14,,,pay,4,1,VP1,,7,7,9,10,Fixation Ton,13:41:37.586,1765978897586464300,1765978897586464300,,0,0
14,bf3b76e3-6761-4b57-ab17-97a7e3ff2219,,pay,4,1,VP1,VP1,7,7,9,10,Start,13:41:44.667,1765978904667786800,1765978904667786800,,0,0
14,,4a8d5f7c-f9be-40bf-b649-54cf52a052bc,pay,4,1,VP1,VP2,7,7,9,10,Start,13:41:46.603,1765978906603111200,1765978906603111200,,0,0
14,cef5fb69-d6a3-4f03-86f6-af22459e6d2a,,pay,4,1,VP1,VP1,7,7,9,10,Karte 1,13:41:48.294,1765978908294209500,1765978908294209500,,0,0
14,,ba22ff8e-c943-4477-8aaa-4a7a97fb6778,pay,4,1,VP1,VP2,7,7,9,10,Karte 1,13:41:50.265,1765978910265747000,1765978910265747000,,0,0
14,fb87715a-41d9-489d-907b-763effeeb03c,,pay,4,1,VP1,VP1,7,7,9,10,Karte 2,13:41:51.481,1765978911481103300,1765978911481103300,,0,0
14,,925bfebe-73ac-4926-a58e-6160482c809e,pay,4,1,VP1,VP2,7,7,9,10,Karte 2,13:41:52.156,1765978912156259500,1765978912156259500,,0,0
14,cfb927b5-bf66-4ef7-892f-04c6a5f79de0,,pay,4,1,VP1,VP1,7,7,9,10,Tief,13:41:55.061,1765978915061170000,1765978915061170000,,0,0
14,,0aca2b88-ba47-4f7e-a2c7-f81640dbc76c,pay,4,1,VP1,VP2,7,7,9,10,Wahrheit,13:42:01.521,1765978921521817300,1765978921521817300,,0,0
14,,,pay,4,1,VP1,,7,7,9,10,Showdown,13:42:01.717,1765978921717980100,1765978921717980100,VP2,0,3
14,,c4728465-01b1-4288-917e-b3604168c0c9,pay,4,1,VP1,VP2,7,7,9,10,Nächste Runde,13:42:03.687,1765978923687302500,1765978923687302500,,0,3
14,f9c768e0-7eb6-48ca-a416-c7680b319537,,pay,4,1,VP1,VP1,7,7,9,10,Nächste Runde,13:42:05.716,1765978925716676900,1765978925716676900,,0,3
14,,4e03cb07-d5af-40e2-8849-aec70a73ab43,pay,4,2,VP2,VP2,7,8,8,9,Karte 1,13:42:07.060,1765978927060836200,1765978927060836200,,0,3
14,437d77d3-ed4e-4677-89c0-09cd0a2278b2,,pay,4,2,VP2,VP1,7,8,8,9,Karte 1,13:42:08.958,1765978928958046800,1765978928958046800,,0,3
14,,27e969ec-11f8-440c-a872-84e3dc8f50f5,pay,4,2,VP2,VP2,7,8,8,9,Karte 2,13:42:10.425,1765978930425449500,1765978930425449500,,0,3
14,26f9a3bc-48bd-42ef-b4e0-1c9e151e1543,,pay,4,2,VP2,VP1,7,8,8,9,Karte 2,13:42:11.076,1765978931076738200,1765978931076738200,,0,3
14,,8e5d29ea-6418-456d-b0e5-9d24dc8326d4,pay,4,2,VP2,VP2,7,8,8,9,Mittel,13:42:14.275,1765978934275707900,1765978934275707900,,0,3
14,6a9dc53f-c75f-4f32-89c2-3167fa7f78e4,,pay,4,2,VP2,VP1,7,8,8,9,Bluff,13:42:18.206,1765978938206924800,1765978938206924800,,0,3
14,,,pay,4,2,VP2,,7,8,8,9,Showdown,13:42:18.409,1765978938409250900,1765978938409250900,VP2,0,6
14,26bfd86e-0fbd-424e-a620-30d48448d862,,pay,4,2,VP2,VP1,7,8,8,9,Nächste Runde,13:42:19.460,1765978939460879400,1765978939460879400,,0,6
14,,8a5a2be8-83fb-4f92-a829-8ab4070ba4e5,pay,4,2,VP2,VP2,7,8,8,9,Nächste Runde,13:42:20.064,1765978940064653400,1765978940064653400,,0,6
14,b85899e0-d668-46c3-9e29-f18360f17884,,pay,4,3,VP1,VP1,11,11,10,10,Karte 1,13:42:21.773,1765978941773754200,1765978941773754200,,0,6
14,,1377f347-a980-4f78-abfd-8c06e0d221b4,pay,4,3,VP1,VP2,11,11,10,10,Karte 1,13:42:22.257,1765978942257707200,1765978942257707200,,0,6
14,6a13b3cd-16e1-46a7-83d6-d1a49838daa2,,pay,4,3,VP1,VP1,11,11,10,10,Karte 2,13:42:22.941,1765978942941472800,1765978942941472800,,0,6
14,,e20a7a68-63c3-4bb2-9497-aeba033c3be6,pay,4,3,VP1,VP2,11,11,10,10,Karte 2,13:42:24.005,1765978944005183700,1765978944005183700,,0,6
14,0223a7c0-b985-426b-9554-9406911c385e,,pay,4,3,VP1,VP1,11,11,10,10,Hoch,13:42:26.644,1765978946644049700,1765978946644049700,,0,6
14,,95985b8a-f8b4-427d-95ac-44c9f5f1442c,pay,4,3,VP1,VP2,11,11,10,10,Bluff,13:42:28.851,1765978948851939600,1765978948851939600,,0,6
14,,,pay,4,3,VP1,,11,11,10,10,Showdown,13:42:29.051,1765978949051677100,1765978949051677100,VP2,0,9
14,dfc507df-134f-4491-b5a4-2bc7d6c3d1c2,,pay,4,3,VP1,VP1,11,11,10,10,Nächste Runde,13:42:30.927,1765978950927121900,1765978950927121900,,0,9
14,,2bc8f62c-fb82-434c-bc33-db29a75f32d4,pay,4,3,VP1,VP2,11,11,10,10,Nächste Runde,13:42:32.196,1765978952196274700,1765978952196274700,,0,9
14,,3907e0e8-f5bb-4b05-9818-81ebd123abd3,pay,4,4,VP2,VP2,7,10,9,7,Karte 1,13:42:36.581,1765978956581096600,1765978956581096600,,0,9
14,eef390cb-8a0b-486b-bc6d-9b0301ae2600,,pay,4,4,VP2,VP1,7,10,9,7,Karte 1,13:42:37.276,1765978957276737300,1765978957276737300,,0,9
14,,2659737e-bc04-47e8-8244-50a9c9d1e100,pay,4,4,VP2,VP2,7,10,9,7,Karte 2,13:42:40.957,1765978960957782800,1765978960957782800,,0,9
14,04fbde58-4a17-4d63-bff2-872b85d274da,,pay,4,4,VP2,VP1,7,10,9,7,Karte 2,13:42:41.967,1765978961967969500,1765978961967969500,,0,9
14,,ad327c8c-99a3-448d-ada5-c8aed1312a67,pay,4,4,VP2,VP2,7,10,9,7,Mittel,13:42:44.309,1765978964309565500,1765978964309565500,,0,9
14,19f6d4a0-2e43-43ca-a812-7548347c927b,,pay,4,4,VP2,VP1,7,10,9,7,Wahrheit,13:42:46.381,1765978966381083600,1765978966381083600,,0,9
14,,,pay,4,4,VP2,,7,10,9,7,Showdown,13:42:46.580,1765978966580537700,1765978966580537700,VP2,0,12
14,,2c75c92e-344d-4ae9-89d4-cf66e0ff1bba,pay,4,4,VP2,VP2,7,10,9,7,Nächste Runde,13:42:48.881,1765978968881153000,1765978968881153000,,0,12
14,24eda8f8-1c74-4821-a428-4cbc0df19749,,pay,4,4,VP2,VP1,7,10,9,7,Nächste Runde,13:42:49.713,1765978969713846300,1765978969713846300,,0,12
14,698d4e74-073d-4e05-b24c-973e5acce93f,,pay,4,5,VP1,VP1,10,7,9,11,Karte 1,13:42:51.011,1765978971011677400,1765978971011677400,,0,12
14,,77c2784d-04b5-41d5-8180-25a8bf20d056,pay,4,5,VP1,VP2,10,7,9,11,Karte 1,13:42:52.861,1765978972861665100,1765978972861665100,,0,12
14,0eb12235-2445-4d9f-af1c-73108a2af669,,pay,4,5,VP1,VP1,10,7,9,11,Karte 2,13:42:53.393,1765978973393865900,1765978973393865900,,0,12
14,,3a170623-9b6b-4f9c-ad72-9706a77cb09c,pay,4,5,VP1,VP2,10,7,9,11,Karte 2,13:42:56.121,1765978976121405200,1765978976121405200,,0,12
14,89a8a759-cd98-4599-906e-95d9d9bc47ff,,pay,4,5,VP1,VP1,10,7,9,11,Mittel,13:42:57.514,1765978977514554700,1765978977514554700,,0,12
14,,0498d5f2-b254-4c64-9236-9563bcf9607a,pay,4,5,VP1,VP2,10,7,9,11,Bluff,13:42:59.805,1765978979805375600,1765978979805375600,,0,12
14,,,pay,4,5,VP1,,10,7,9,11,Showdown,13:43:00.002,1765978980002657000,1765978980002657000,VP1,3,12
14,fcba5017-1f6f-4793-adf4-9aafa9a76be1,,pay,4,5,VP1,VP1,10,7,9,11,Nächste Runde,13:43:01.158,1765978981158999600,1765978981158999600,,3,12
14,,2be2762a-9412-4568-9a95-dc90a584b08c,pay,4,5,VP1,VP2,10,7,9,11,Nächste Runde,13:43:02.314,1765978982314123000,1765978982314123000,,3,12
14,,f2b75689-5650-4fb2-9e69-57318c441274,pay,4,6,VP2,VP2,10,11,7,9,Karte 1,13:43:03.788,1765978983788563500,1765978983788563500,,3,12
14,885c7086-4676-460d-a080-659a00a28cbc,,pay,4,6,VP2,VP1,10,11,7,9,Karte 1,13:43:04.347,1765978984347187400,1765978984347187400,,3,12
14,,9afc22b6-89cd-4dcd-b5f9-5a36d5f2407c,pay,4,6,VP2,VP2,10,11,7,9,Karte 2,13:43:05.176,1765978985176639600,1765978985176639600,,3,12
14,32d87368-5714-431c-94a2-25526d4e092e,,pay,4,6,VP2,VP1,10,11,7,9,Karte 2,13:43:05.697,1765978985697294000,1765978985697294000,,3,12
14,,8d308e37-829d-45a6-8027-fb1402e9b333,pay,4,6,VP2,VP2,10,11,7,9,Mittel,13:43:10.371,1765978990371213100,1765978990371213100,,3,12
14,67005176-3d36-409b-bd76-395e54f544a2,,pay,4,6,VP2,VP1,10,11,7,9,Wahrheit,13:43:13.777,1765978993777800100,1765978993777800100,,3,12
14,,,pay,4,6,VP2,,10,11,7,9,Showdown,13:43:13.978,1765978993978551800,1765978993978551800,VP2,3,15
14,02f1a7eb-5393-4693-92a4-8c8860540c1e,,pay,4,6,VP2,VP1,10,11,7,9,Nächste Runde,13:43:17.972,1765978997972384200,1765978997972384200,,3,15
14,,dc5b0bc6-a501-4e5f-a888-73ec47f14e08,pay,4,6,VP2,VP2,10,11,7,9,Nächste Runde,13:43:18.661,1765978998661546200,1765978998661546200,,3,15
14,1cd617cb-cc69-41ea-9cba-28a3af25841c,,pay,4,7,VP1,VP1,9,8,10,11,Karte 1,13:43:22.686,1765979002686119600,1765979002686119600,,3,15
14,,52d527a6-59d6-4f45-a293-ab8d0f08936a,pay,4,7,VP1,VP2,9,8,10,11,Karte 1,13:43:23.286,1765979003286090400,1765979003286090400,,3,15
14,9051503d-60a3-48be-a15d-b3ba66835172,,pay,4,7,VP1,VP1,9,8,10,11,Karte 2,13:43:23.894,1765979003894677400,1765979003894677400,,3,15
14,,bd8b1af3-8c48-4998-9878-0239d081ee7a,pay,4,7,VP1,VP2,9,8,10,11,Karte 2,13:43:24.542,1765979004542387800,1765979004542387800,,3,15
14,fdc32a79-06e4-4f79-b420-2a3080324326,,pay,4,7,VP1,VP1,9,8,10,11,Hoch,13:43:29.787,1765979009787383300,1765979009787383300,,3,15
14,,be699b06-ee5d-480f-a283-05e9e37cd79e,pay,4,7,VP1,VP2,9,8,10,11,Bluff,13:43:30.428,1765979010428395900,1765979010428395900,,3,15
14,,,pay,4,7,VP1,,9,8,10,11,Showdown,13:43:30.629,1765979010629069300,1765979010629069300,VP2,3,18
14,f8f4b8e3-545d-4baf-bc63-1464b5a37b71,,pay,4,7,VP1,VP1,9,8,10,11,Nächste Runde,13:43:31.591,1765979011591294000,1765979011591294000,,3,18
14,,a10e08c2-15e1-4761-8be1-78aa7a8ce44f,pay,4,7,VP1,VP2,9,8,10,11,Nächste Runde,13:43:31.933,1765979011933958600,1765979011933958600,,3,18
14,,d44a9b28-6790-4ced-8866-275e19fef653,pay,4,8,VP2,VP2,9,9,9,10,Karte 1,13:43:33.623,1765979013623803400,1765979013623803400,,3,18
14,6ff76a96-9fc5-48ee-baef-6bc9e11ebf88,,pay,4,8,VP2,VP1,9,9,9,10,Karte 1,13:43:34.249,1765979014249306500,1765979014249306500,,3,18
14,,5cc910be-1af9-4dc0-a4d3-fcdbd6c4f7e9,pay,4,8,VP2,VP2,9,9,9,10,Karte 2,13:43:34.836,1765979014836681500,1765979014836681500,,3,18
14,4f4eea71-9167-4a96-afd6-62bdefa13f3e,,pay,4,8,VP2,VP1,9,9,9,10,Karte 2,13:43:35.435,1765979015435536200,1765979015435536200,,3,18
14,,7fc3f218-8ea2-4f42-ae0a-7950039a3a92,pay,4,8,VP2,VP2,9,9,9,10,Hoch,13:43:38.686,1765979018686468200,1765979018686468200,,3,18
14,ffd35ac9-b04a-41d9-990c-7aa5584e7169,,pay,4,8,VP2,VP1,9,9,9,10,Bluff,13:43:40.555,1765979020555299200,1765979020555299200,,3,18
14,,,pay,4,8,VP2,,9,9,9,10,Showdown,13:43:40.757,1765979020757318600,1765979020757318600,VP2,3,21
14,1ecfcbae-4cd7-4b33-aa51-cd096572622d,,pay,4,8,VP2,VP1,9,9,9,10,Nächste Runde,13:43:42.894,1765979022894383200,1765979022894383200,,3,21
14,,bbfd2d01-d91f-48cc-a5eb-41505d47bd6e,pay,4,8,VP2,VP2,9,9,9,10,Nächste Runde,13:43:43.017,1765979023017337900,1765979023017337900,,3,21
14,427389f4-12f5-428d-9507-334ded87670b,,pay,4,9,VP1,VP1,7,8,7,8,Karte 1,13:43:44.205,1765979024205180700,1765979024205180700,,3,21
14,,b25af0c6-4e4f-4127-aea1-23c1b613a89d,pay,4,9,VP1,VP2,7,8,7,8,Karte 1,13:43:45.986,1765979025986900200,1765979025986900200,,3,21
14,2ecbd6fc-b701-4118-bbef-193ab78b8e85,,pay,4,9,VP1,VP1,7,8,7,8,Karte 2,13:43:46.511,1765979026511636400,1765979026511636400,,3,21
14,,d5f4a697-cc3d-4474-8547-3d88b185afc6,pay,4,9,VP1,VP2,7,8,7,8,Karte 2,13:43:47.303,1765979027303739200,1765979027303739200,,3,21
14,198b80b5-1e84-45b6-a68e-9edbba97703f,,pay,4,9,VP1,VP1,7,8,7,8,Tief,13:43:54.128,1765979034128971900,1765979034128971900,,3,21
14,,c789ae73-1806-4719-a64b-0cdb127fc9e6,pay,4,9,VP1,VP2,7,8,7,8,Wahrheit,13:43:58.253,1765979038253841400,1765979038253841400,,3,21
14,,,pay,4,9,VP1,,7,8,7,8,Showdown,13:43:58.452,1765979038452298700,1765979038452298700,,3,21
14,,714caeb7-9d4d-4199-8263-16801c44ad07,pay,4,9,VP1,VP2,7,8,7,8,Nächste Runde,13:44:00.673,1765979040673808000,1765979040673808000,,3,21
14,697153c7-8b00-4eff-b60d-2dedec70219d,,pay,4,9,VP1,VP1,7,8,7,8,Nächste Runde,13:44:00.710,1765979040710011900,1765979040710011900,,3,21
14,,cf27890f-f74a-4651-9966-f6239521525c,pay,4,10,VP2,VP2,11,8,9,9,Karte 1,13:44:02.560,1765979042560098400,1765979042560098400,,3,21
14,0f5e8aa3-b665-4574-a60b-19a1203927be,,pay,4,10,VP2,VP1,11,8,9,9,Karte 1,13:44:05.083,1765979045083155100,1765979045083155100,,3,21
14,,84bb5949-e514-4105-94df-817966a8685f,pay,4,10,VP2,VP2,11,8,9,9,Karte 2,13:44:07.128,1765979047128323500,1765979047128323500,,3,21
14,20499251-4041-4686-9615-984a76e649e6,,pay,4,10,VP2,VP1,11,8,9,9,Karte 2,13:44:07.771,1765979047771149300,1765979047771149300,,3,21
14,,ffcee4ee-dfe4-46d1-a7c4-0aa8288378a6,pay,4,10,VP2,VP2,11,8,9,9,Mittel,13:44:09.972,1765979049972754000,1765979049972754000,,3,21
14,37c263bc-bf6f-42ce-89d7-d980b3349f7d,,pay,4,10,VP2,VP1,11,8,9,9,Wahrheit,13:44:13.741,1765979053741910500,1765979053741910500,,3,21
14,,,pay,4,10,VP2,,11,8,9,9,Showdown,13:44:13.943,1765979053943848600,1765979053943848600,VP1,6,21
14,aedd52e2-e699-4ba9-9771-044dcc32dd9d,,pay,4,10,VP2,VP1,11,8,9,9,Nächste Runde,13:44:14.968,1765979054968549200,1765979054968549200,,6,21
14,,bce1deb6-744d-426c-96ae-209a662e3e68,pay,4,10,VP2,VP2,11,8,9,9,Nächste Runde,13:44:16.692,1765979056692269600,1765979056692269600,,6,21
14,ca7f1ab9-4924-48f2-978a-6604fdb6f126,,pay,4,11,VP1,VP1,10,9,10,8,Karte 1,13:44:17.585,1765979057585856600,1765979057585856600,,6,21
14,,0183187d-8b72-448e-8f5e-d8f65902d125,pay,4,11,VP1,VP2,10,9,10,8,Karte 1,13:44:18.478,1765979058478542400,1765979058478542400,,6,21
14,8fe15f55-904d-4d02-98e6-93a7ba0ffed6,,pay,4,11,VP1,VP1,10,9,10,8,Karte 2,13:44:19.013,1765979059013684500,1765979059013684500,,6,21
14,,9c15e73c-252d-4338-a01f-1e295c793d65,pay,4,11,VP1,VP2,10,9,10,8,Karte 2,13:44:20.220,1765979060220514500,1765979060220514500,,6,21
14,1c1887ec-6ee6-4c81-9ead-c4f043bb9d0d,,pay,4,11,VP1,VP1,10,9,10,8,Hoch,13:44:22.861,1765979062861368200,1765979062861368200,,6,21
14,,60b5aa8e-511b-48ab-8bf2-34ac76a29b09,pay,4,11,VP1,VP2,10,9,10,8,Bluff,13:44:33.193,1765979073193764000,1765979073193764000,,6,21
14,,,pay,4,11,VP1,,10,9,10,8,Showdown,13:44:33.394,1765979073394322000,1765979073394322000,VP1,9,21
14,7d31aea0-fda8-47fa-a060-54e7442babe5,,pay,4,11,VP1,VP1,10,9,10,8,Nächste Runde,13:44:34.694,1765979074694858600,1765979074694858600,,9,21
14,,ecc43c2d-ec3d-424e-a238-ebda92bad91d,pay,4,11,VP1,VP2,10,9,10,8,Nächste Runde,13:44:34.840,1765979074840307300,1765979074840307300,,9,21
14,,2d1c5a69-0af6-4136-aafb-8867891cea3b,pay,4,12,VP2,VP2,11,11,8,9,Karte 1,13:44:36.088,1765979076088313000,1765979076088313000,,9,21
14,aa24b769-1548-4f18-82b8-b822b9094a0a,,pay,4,12,VP2,VP1,11,11,8,9,Karte 1,13:44:36.572,1765979076572921700,1765979076572921700,,9,21
14,,2600895a-2a12-4b0e-bbff-5f74cff90ae0,pay,4,12,VP2,VP2,11,11,8,9,Karte 2,13:44:37.328,1765979077328095500,1765979077328095500,,9,21
14,6f7507c0-e59c-4448-9a11-dd7ab81d3043,,pay,4,12,VP2,VP1,11,11,8,9,Karte 2,13:44:37.705,1765979077705347400,1765979077705347400,,9,21
14,,6cae7bbf-8ae0-4f6e-a5b0-1f11ef24930f,pay,4,12,VP2,VP2,11,11,8,9,Mittel,13:44:46.865,1765979086865750800,1765979086865750800,,9,21
14,6354f248-305d-4ded-9fbf-6b7e8715b9f4,,pay,4,12,VP2,VP1,11,11,8,9,Bluff,13:44:48.836,1765979088836876900,1765979088836876900,,9,21
14,,,pay,4,12,VP2,,11,11,8,9,Showdown,13:44:49.039,1765979089039877200,1765979089039877200,VP2,9,24
14,,e2c26ed1-478c-44d7-b294-ee3461c720f2,pay,4,12,VP2,VP2,11,11,8,9,Nächste Runde,13:44:50.889,1765979090889125900,1765979090889125900,,9,24
14,c980f155-2602-470a-b6eb-9a6d896f7760,,pay,4,12,VP2,VP1,11,11,8,9,Nächste Runde,13:44:51.072,1765979091072604200,1765979091072604200,,9,24
